-- phpMyAdmin SQL Dump
-- version 5.2.1
-- https://www.phpmyadmin.net/
--
-- Host: 127.0.0.1
-- Generation Time: Jun 26, 2024 at 05:06 AM
-- Server version: 10.4.32-MariaDB
-- PHP Version: 8.2.12

SET SQL_MODE = "NO_AUTO_VALUE_ON_ZERO";
START TRANSACTION;
SET time_zone = "+00:00";


/*!40101 SET @OLD_CHARACTER_SET_CLIENT=@@CHARACTER_SET_CLIENT */;
/*!40101 SET @OLD_CHARACTER_SET_RESULTS=@@CHARACTER_SET_RESULTS */;
/*!40101 SET @OLD_COLLATION_CONNECTION=@@COLLATION_CONNECTION */;
/*!40101 SET NAMES utf8mb4 */;

--
-- Database: `petstatvan`
--

-- --------------------------------------------------------

--
-- Table structure for table `admin`
--

CREATE TABLE `admin` (
  `maoID` int(11) NOT NULL,
  `Name` varchar(255) NOT NULL,
  `email` varchar(50) NOT NULL,
  `password` varchar(50) NOT NULL
) ENGINE=InnoDB DEFAULT CHARSET=latin1 COLLATE=latin1_swedish_ci;

--
-- Dumping data for table `admin`
--

INSERT INTO `admin` (`maoID`, `Name`, `email`, `password`) VALUES
(1, 'Admin.User', 'admin@admin.admin', '111'),
(2, 'Elias.User', 'elias@mao.user', '111');

-- --------------------------------------------------------

--
-- Table structure for table `barangay`
--

CREATE TABLE `barangay` (
  `brgyID` int(11) NOT NULL,
  `geoID` int(11) NOT NULL,
  `barangay` varchar(50) NOT NULL
) ENGINE=InnoDB DEFAULT CHARSET=latin1 COLLATE=latin1_swedish_ci;

--
-- Dumping data for table `barangay`
--

INSERT INTO `barangay` (`brgyID`, `geoID`, `barangay`) VALUES
(1, 100000, 'Acao'),
(2, 100001, 'Amerang'),
(3, 100002, 'Amurao'),
(4, 100003, 'Anuang'),
(5, 100004, 'Ayaman'),
(6, 100005, 'Ayong'),
(7, 100006, 'Bacan'),
(8, 100007, 'Balabag'),
(9, 100008, 'Baluyan'),
(10, 100009, 'Banguit'),
(11, 100010, 'Bulay'),
(12, 100011, 'Cadoldolan'),
(13, 100012, 'Cagban'),
(14, 100013, 'Calawagan'),
(15, 100014, 'Calayo'),
(16, 100015, 'Duyan-Duyan'),
(17, 100016, 'Gaub'),
(18, 100017, 'Gines Interior'),
(19, 100018, 'Gines Patag'),
(20, 100019, 'Guibuangan Tigbauan'),
(21, 100020, 'Inabasan'),
(22, 100021, 'Inaca'),
(23, 100022, 'Inaladan'),
(24, 100023, 'Ingas'),
(25, 100024, 'Ito Norte'),
(26, 100025, 'Ito Sur'),
(27, 100026, 'Janipaan Central'),
(28, 100027, 'Janipaan Este'),
(29, 100028, 'Janipaan Oeste'),
(30, 100029, 'Janipaan Olo'),
(31, 100030, 'Jelicuon Lusaya'),
(32, 100031, 'Jelicuon Montinola'),
(33, 100032, 'Lag-an'),
(34, 100033, 'Leong'),
(35, 100034, 'Lutac'),
(36, 100035, 'Manguna'),
(37, 100036, 'Maraguit'),
(38, 100037, 'Morubuan'),
(39, 100038, 'Pacatin'),
(40, 100039, 'Pagotpot'),
(41, 100040, 'Pamul-ogan'),
(42, 100041, 'Pamuringao Proper'),
(43, 100042, 'Pamuringao Garrido'),
(44, 100043, 'Zone I Pob. (Barangay 1)'),
(45, 100044, 'Zone II Pob. (Barangay 2)'),
(46, 100045, 'Zone III Pob. (Barangay 3)'),
(47, 100046, 'Zone IV Pob. (Barangay 4)'),
(48, 100047, 'Zone V Pob. (Barangay 5)'),
(49, 100048, 'Zone VI Pob. (Barangay 6)'),
(50, 100049, 'Zone VII Pob. (Barangay 7)'),
(51, 100050, 'Zone VIII Pob. (Barangay 8)'),
(52, 100051, 'Zone IX Pob. (Barangay 9)'),
(53, 100052, 'Zone X Pob. (Barangay 10)'),
(54, 100053, 'Zone XI Pob. (Barangay 11)'),
(55, 100054, 'Pungtod'),
(56, 100055, 'Puyas'),
(57, 100056, 'Salacay'),
(58, 100057, 'Sulanga'),
(59, 100058, 'Tabucan'),
(60, 100059, 'Tacdangan'),
(61, 100060, 'Talanghauan'),
(62, 100061, 'Tigbauan Road'),
(63, 100062, 'Tinio-an'),
(64, 100063, 'Tiring'),
(65, 100064, 'Tupol Central'),
(66, 100065, 'Tupol Este'),
(67, 100066, 'Tupol Oeste'),
(68, 100067, 'Tuy-an');

-- --------------------------------------------------------

--
-- Table structure for table `case`
--

CREATE TABLE `case` (
  `caseID` int(11) NOT NULL,
  `brgyID` int(11) NOT NULL,
  `residentID` int(11) NOT NULL,
  `caseGeoID` int(11) NOT NULL,
  `petID` int(11) DEFAULT NULL,
  `victimsName` varchar(50) NOT NULL,
  `caseType` tinyint(1) NOT NULL,
  `description` varchar(500) NOT NULL,
  `bpartBitten` tinyint(1) NOT NULL,
  `caseStatus` tinyint(1) NOT NULL DEFAULT 0,
  `date` datetime NOT NULL,
  `confirmedRabies` tinyint(1) NOT NULL
) ENGINE=InnoDB DEFAULT CHARSET=latin1 COLLATE=latin1_swedish_ci;

--
-- Dumping data for table `case`
--

INSERT INTO `case` (`caseID`, `brgyID`, `residentID`, `caseGeoID`, `petID`, `victimsName`, `caseType`, `description`, `bpartBitten`, `caseStatus`, `date`, `confirmedRabies`) VALUES
(317, 4, 305, 100840, 55, 'hahaha', 0, 'sa tiil', 0, 0, '2024-04-16 03:38:00', 0),
(318, 4, 305, 100841, NULL, 'hahaha', 0, 'hehehe', 0, 0, '2024-04-16 15:39:00', 0),
(319, 4, 305, 100842, 57, '', 2, 'egegeg', 0, 1, '2024-04-16 15:39:00', 0),
(320, 4, 86, 100848, NULL, 'hahaha', 0, 'hehe', 0, 0, '0000-00-00 00:00:00', 0),
(322, 4, 86, 100853, 55, 'hhehehe', 0, 'hehehe', 0, 1, '2024-04-16 16:09:00', 0),
(325, 4, 86, 100858, 178, '', 1, 'awts', 0, 0, '2024-04-16 00:00:00', 0),
(326, 4, 86, 100859, 59, '', 2, 'hahahha', 0, 1, '2024-04-16 16:18:00', 0),
(327, 4, 86, 100861, 59, '', 2, 'hehehehe', 0, 1, '2024-04-16 16:24:00', 0),
(328, 4, 86, 100862, NULL, '', 2, 'hehehe', 0, 1, '2024-04-16 16:25:00', 0),
(329, 4, 86, 100863, NULL, '', 2, 'hehehhe', 0, 1, '2024-04-16 16:27:00', 0),
(330, 4, 86, 100864, 152, '', 2, 'agay', 0, 1, '2024-04-16 16:27:00', 0),
(331, 4, 81, 100865, 139, 'hhehehe', 0, 'agay', 0, 1, '2024-04-19 05:15:00', 0),
(332, 15, 310, 100870, 59, 'sarce', 0, '111', 0, 1, '2024-04-20 05:59:00', 0),
(333, 15, 310, 100871, 165, '', 2, 'Galaway', 0, 1, '2024-04-20 06:03:00', 0),
(334, 1, 119, 100872, 55, 'sarce', 0, '1111', 0, 0, '2024-04-20 11:44:00', 0),
(335, 1, 310, 100873, 55, 'hehehe', 0, '111', 0, 0, '2024-04-20 11:48:00', 0),
(336, 15, 310, 100874, NULL, 'hehehe', 0, 'agay', 0, 1, '0000-00-00 00:00:00', 0),
(337, 15, 310, 100875, 68, '', 2, '111', 0, 1, '2024-04-20 11:59:00', 0),
(339, 41, 310, 100877, 152, 'awts', 0, '111', 0, 0, '2024-04-20 12:01:00', 0),
(340, 4, 310, 100878, 179, '', 2, 'sus', 0, 1, '2024-04-20 12:13:00', 0),
(342, 1, 310, 100880, 55, '', 2, 'hehhee', 0, 2, '2024-04-20 12:27:00', 0),
(343, 1, 310, 100881, 57, 'hahaha', 0, '111', 0, 1, '2024-04-20 12:30:00', 0),
(344, 1, 119, 100882, 55, 'fdsfs', 0, '111', 0, 1, '2024-04-20 16:27:00', 0),
(345, 1, 81, 100883, 55, 'hehehe', 0, '1111', 0, 1, '2024-04-20 20:08:00', 0),
(346, 4, 81, 100884, NULL, 'gwapo', 0, '111', 0, 0, '0000-00-00 00:00:00', 0),
(347, 1, 86, 100885, 55, 'gwapo', 0, '1111', 0, 0, '2024-04-20 20:26:00', 0),
(349, 1, 81, 100887, 55, 'Sarce', 0, '111', 0, 1, '2024-04-20 20:36:00', 0),
(350, 43, 96, 100888, 78, 'Ako e', 0, '111', 0, 0, '2024-04-20 20:37:00', 0),
(351, 1, 96, 100889, 63, 'hans', 0, '1111', 0, 1, '2024-04-20 20:43:00', 0),
(352, 15, 119, 100890, 184, '', 1, 'hehehe', 0, 1, '2024-04-23 00:00:00', 0),
(354, 1, 96, 100892, 82, 'hans', 0, 'agay', 0, 1, '2024-04-26 15:26:00', 0),
(356, 1, 96, 100895, 66, 'gwapo', 0, '111', 0, 1, '2024-04-27 19:04:00', 0),
(357, 1, 74, 100896, 82, 'gwapo', 0, 'hehhehe', 0, 1, '2024-04-30 13:39:00', 0),
(365, 1, 74, 100904, 131, '', 1, 'awts', 0, 1, '2024-04-30 00:00:00', 0),
(366, 1, 96, 100905, 82, 'hehehe', 0, 'awts', 0, 1, '2024-04-30 14:22:00', 0),
(370, 1, 74, 100910, 79, 'Ako e', 0, '1111', 0, 1, '2024-06-18 02:37:00', 0);

-- --------------------------------------------------------

--
-- Table structure for table `geolocation`
--

CREATE TABLE `geolocation` (
  `geoID` int(11) NOT NULL,
  `latitude` decimal(9,6) NOT NULL,
  `longitude` decimal(9,6) NOT NULL
) ENGINE=InnoDB DEFAULT CHARSET=latin1 COLLATE=latin1_swedish_ci;

--
-- Dumping data for table `geolocation`
--

INSERT INTO `geolocation` (`geoID`, `latitude`, `longitude`) VALUES
(100000, 10.848964, 122.461899),
(100001, 10.883751, 122.473368),
(100002, 10.886936, 122.470015),
(100003, 10.884943, 122.517209),
(100004, 10.885794, 122.487165),
(100005, 10.893027, 122.499433),
(100006, 10.884555, 122.461535),
(100007, 10.922577, 122.535072),
(100009, 10.872372, 122.490318),
(100010, 10.937175, 122.477458),
(100011, 10.872403, 122.524800),
(100012, 10.882848, 122.533492),
(100013, 10.912917, 122.513968),
(100014, 10.852573, 122.479204),
(100015, 10.842126, 122.485694),
(100016, 10.853218, 122.490344),
(100017, 10.917746, 122.504353),
(100018, 10.936122, 122.489249),
(100020, 10.866239, 122.435766),
(100021, 10.852873, 122.453128),
(100022, 10.902666, 122.518559),
(100023, 10.906923, 122.475892),
(100026, 10.915980, 122.542807),
(100028, 10.922051, 122.521360),
(100029, 10.929424, 122.508033),
(100030, 10.907501, 122.527269),
(100031, 10.902759, 122.536477),
(100032, 10.864485, 122.454927),
(100033, 10.881789, 122.493425),
(100034, 10.882383, 122.510449),
(100035, 10.833569, 122.479969),
(100036, 10.889842, 122.507638),
(100037, 10.871116, 122.450295),
(100038, 10.915394, 122.530480),
(100039, 10.918942, 122.500394),
(100040, 10.860267, 122.483772),
(100041, 10.876586, 122.459645),
(100042, 10.879599, 122.464793),
(100054, 10.869324, 122.501311),
(100055, 10.883180, 122.525263),
(100056, 10.872054, 122.476270),
(100057, 10.906462, 122.500250),
(100058, 10.860234, 122.499710),
(100059, 10.896689, 122.488930),
(100060, 10.879278, 122.464320),
(100061, 10.921707, 122.488367),
(100062, 10.856930, 122.482571),
(100063, 10.854668, 122.507196),
(100064, 10.864334, 122.465748),
(100065, 10.853915, 122.472327),
(100090, 10.668400, 122.959200),
(100091, 10.668400, 122.959200),
(100092, 10.668400, 122.959200),
(100093, 10.668400, 122.959200),
(100094, 10.668400, 122.959200),
(100095, 10.668400, 122.959200),
(100096, 10.668400, 122.959200),
(100097, 10.668400, 122.959200),
(100098, 10.668400, 122.959200),
(100099, 10.668400, 122.959200),
(100100, 10.668400, 122.959200),
(100101, 10.668400, 122.959200),
(100102, 10.668400, 122.959200),
(100103, 10.668400, 122.959200),
(100104, 10.668400, 122.959200),
(100105, 10.668400, 122.959200),
(100106, 10.668400, 122.959200),
(100107, 10.668400, 122.959200),
(100108, 10.668400, 122.959200),
(100109, 10.668400, 122.959200),
(100110, 10.668400, 122.959200),
(100111, 10.668400, 122.959200),
(100112, 10.668400, 122.959200),
(100113, 10.668400, 122.959200),
(100114, 10.668400, 122.959200),
(100115, 10.668400, 122.959200),
(100116, 10.668400, 122.959200),
(100117, 10.668400, 122.959200),
(100118, 10.668400, 122.959200),
(100119, 10.668400, 122.959200),
(100120, 10.668400, 122.959200),
(100121, 10.668400, 122.959200),
(100122, 10.668400, 122.959200),
(100123, 10.668400, 122.959200),
(100124, 10.668400, 122.959200),
(100125, 10.668400, 122.959200),
(100126, 10.668400, 122.959200),
(100127, 10.879060, 122.465502),
(100128, 10.856930, 122.482571),
(100129, 10.860234, 122.499710),
(100130, 10.833569, 122.479969),
(100131, 0.000000, 0.000000),
(100132, 0.000000, 0.000000),
(100133, 0.000000, 0.000000),
(100134, 0.000000, 0.000000),
(100135, 0.000000, 0.000000),
(100136, 0.000000, 0.000000),
(100137, 0.000000, 0.000000),
(100138, 0.000000, 0.000000),
(100139, 0.000000, 0.000000),
(100140, 0.000000, 0.000000),
(100141, 0.000000, 0.000000),
(100142, 0.000000, 0.000000),
(100143, 0.000000, 0.000000),
(100144, 0.000000, 0.000000),
(100145, 0.000000, 0.000000),
(100146, 0.000000, 0.000000),
(100147, 0.000000, 0.000000),
(100148, 10.309900, 123.893000),
(100149, 0.000000, 0.000000),
(100150, 0.000000, 0.000000),
(100151, 10.309900, 123.893000),
(100152, 0.000000, 0.000000),
(100153, 10.309900, 123.893000),
(100154, 0.000000, 0.000000),
(100155, 10.309900, 123.893000),
(100156, 10.309900, 123.893000),
(100157, 10.309900, 123.893000),
(100158, 10.879060, 122.465502),
(100159, 10.309900, 123.893000),
(100160, 10.309900, 123.893000),
(100161, 10.309900, 123.893000),
(100162, 10.309900, 123.893000),
(100163, 10.309900, 123.893000),
(100164, 10.309900, 123.893000),
(100165, 10.309900, 123.893000),
(100166, 10.309900, 123.893000),
(100167, 10.879060, 122.465502),
(100168, 10.879060, 122.465502),
(100169, 0.000000, 0.000000),
(100170, 10.309900, 123.893000),
(100171, 10.879060, 122.465502),
(100172, 10.879060, 122.465502),
(100173, 0.000000, 0.000000),
(100174, 10.309900, 123.893000),
(100175, 0.000000, 0.000000),
(100176, 10.309900, 123.893000),
(100177, 0.000000, 0.000000),
(100178, 10.309900, 123.893000),
(100179, 0.000000, 0.000000),
(100180, 10.309900, 123.893000),
(100181, 0.000000, 0.000000),
(100182, 10.720150, 122.562106),
(100183, 10.720150, 122.562106),
(100184, 10.720150, 122.562106),
(100185, 10.720150, 122.562106),
(100186, 10.720150, 122.562106),
(100187, 10.852495, 122.485163),
(100188, 10.720150, 122.562106),
(100189, 10.720150, 122.562106),
(100190, 10.720150, 122.562106),
(100191, 10.720150, 122.562106),
(100192, 10.720150, 122.562106),
(100193, 10.720150, 122.562106),
(100194, 0.000000, 0.000000),
(100195, 0.000000, 0.000000),
(100196, 0.000000, 0.000000),
(100197, 10.731520, 122.555597),
(100198, 10.731520, 122.555597),
(100199, 10.731520, 122.555597),
(100200, 10.731520, 122.555597),
(100201, 10.715780, 122.571199),
(100202, 10.880153, 122.467228),
(100203, 10.716136, 122.570557),
(100204, 10.715780, 122.571199),
(100205, 10.718297, 122.567028),
(100206, 10.717976, 122.565842),
(100207, 10.716654, 122.567550),
(100208, 10.715780, 122.571199),
(100209, 10.716547, 122.571158),
(100210, 10.716126, 122.571137),
(100211, 10.715780, 122.571199),
(100212, 10.715780, 122.571199),
(100213, 10.715780, 122.571199),
(100214, 10.715780, 122.571199),
(100215, 10.716009, 122.566465),
(100216, 10.716004, 122.566471),
(100217, 0.000000, 0.000000),
(100218, 10.739180, 122.550891),
(100219, 10.720150, 122.562106),
(100220, 10.720150, 122.562106),
(100221, 10.720150, 122.562106),
(100222, 10.720150, 122.562106),
(100223, 10.720150, 122.562106),
(100224, 10.720150, 122.562106),
(100225, 10.720150, 122.562106),
(100226, 10.720150, 122.562106),
(100227, 10.720150, 122.562106),
(100228, 10.720150, 122.562106),
(100229, 10.720150, 122.562106),
(100230, 10.720150, 122.562106),
(100231, 10.720527, 122.561122),
(100232, 10.720150, 122.562106),
(100233, 10.720150, 122.562106),
(100234, 10.720150, 122.562106),
(100235, 10.720150, 122.562106),
(100236, 10.720150, 122.562106),
(100237, 10.720150, 122.562106),
(100238, 10.720150, 122.562106),
(100239, 10.720150, 122.562106),
(100240, 10.720150, 122.562106),
(100241, 10.720150, 122.562106),
(100242, 10.720150, 122.562106),
(100243, 10.720150, 122.562106),
(100244, 10.720150, 122.562106),
(100245, 10.720150, 122.562106),
(100246, 10.720150, 122.562106),
(100247, 10.720150, 122.562106),
(100248, 10.720150, 122.562106),
(100249, 10.720150, 122.562106),
(100250, 10.720150, 122.562106),
(100251, 10.720150, 122.562106),
(100252, 10.720150, 122.562106),
(100253, 10.720150, 122.562106),
(100254, 10.720150, 122.562106),
(100255, 10.720150, 122.562106),
(100256, 10.720150, 122.562106),
(100257, 10.720150, 122.562106),
(100258, 10.720150, 122.562106),
(100259, 10.720150, 122.562106),
(100260, 10.720150, 122.562106),
(100261, 10.720150, 122.562106),
(100262, 10.720150, 122.562106),
(100263, 10.720150, 122.562106),
(100264, 10.720150, 122.562106),
(100265, 10.720150, 122.562106),
(100266, 10.720150, 122.562106),
(100267, 10.720150, 122.562106),
(100268, 10.720150, 122.562106),
(100269, 10.720150, 122.562106),
(100270, 10.720150, 122.562106),
(100271, 10.720150, 122.562106),
(100272, 10.720150, 122.562106),
(100273, 10.720150, 122.562106),
(100274, 10.720150, 122.562106),
(100275, 10.720150, 122.562106),
(100276, 10.720150, 122.562106),
(100277, 10.720150, 122.562106),
(100278, 10.720150, 122.562106),
(100279, 10.720150, 122.562106),
(100280, 10.720150, 122.562106),
(100281, 10.720150, 122.562106),
(100282, 10.720150, 122.562106),
(100283, 10.720150, 122.562106),
(100284, 10.720150, 122.562106),
(100285, 10.720150, 122.562106),
(100286, 10.720150, 122.562106),
(100287, 10.720150, 122.562106),
(100288, 10.720150, 122.562106),
(100289, 10.720150, 122.562106),
(100290, 10.720150, 122.562106),
(100291, 10.720150, 122.562106),
(100292, 10.720150, 122.562106),
(100293, 10.720150, 122.562106),
(100294, 10.720150, 122.562106),
(100295, 10.720150, 122.562106),
(100296, 10.720150, 122.562106),
(100297, 10.720150, 122.562106),
(100298, 10.720150, 122.562106),
(100299, 10.720150, 122.562106),
(100300, 10.720150, 122.562106),
(100301, 10.720150, 122.562106),
(100302, 10.720150, 122.562106),
(100303, 10.720150, 122.562106),
(100304, 10.720150, 122.562106),
(100305, 10.720150, 122.562106),
(100306, 10.720150, 122.562106),
(100307, 10.720150, 122.562106),
(100308, 10.720150, 122.562106),
(100309, 10.720150, 122.562106),
(100310, 10.720150, 122.562106),
(100311, 10.720150, 122.562106),
(100312, 10.720150, 122.562106),
(100313, 10.720150, 122.562106),
(100314, 10.720150, 122.562106),
(100315, 10.720150, 122.562106),
(100316, 10.720150, 122.562106),
(100317, 10.720150, 122.562106),
(100318, 10.720150, 122.562106),
(100319, 10.720150, 122.562106),
(100320, 10.720150, 122.562106),
(100321, 10.720150, 122.562106),
(100322, 10.720150, 122.562106),
(100323, 10.720150, 122.562106),
(100324, 10.720150, 122.562106),
(100325, 10.720150, 122.562106),
(100326, 10.720150, 122.562106),
(100327, 10.720150, 122.562106),
(100328, 10.720150, 122.562106),
(100329, 10.720150, 122.562106),
(100330, 10.720150, 122.562106),
(100331, 10.720150, 122.562106),
(100332, 10.720150, 122.562106),
(100333, 10.720150, 122.562106),
(100334, 10.720150, 122.562106),
(100335, 10.720150, 122.562106),
(100336, 10.720150, 122.562106),
(100337, 10.720150, 122.562106),
(100338, 10.720150, 122.562106),
(100339, 10.720150, 122.562106),
(100340, 10.720150, 122.562106),
(100341, 10.720150, 122.562106),
(100342, 10.720150, 122.562106),
(100343, 10.720150, 122.562106),
(100344, 10.720150, 122.562106),
(100345, 10.720150, 122.562106),
(100346, 10.720150, 122.562106),
(100347, 10.720150, 122.562106),
(100348, 10.720150, 122.562106),
(100349, 10.720150, 122.562106),
(100350, 10.720150, 122.562106),
(100351, 10.720150, 122.562106),
(100352, 10.720150, 122.562106),
(100353, 10.720150, 122.562106),
(100354, 10.720150, 122.562106),
(100355, 10.720150, 122.562106),
(100356, 10.720150, 122.562106),
(100357, 10.720150, 122.562106),
(100358, 10.720150, 122.562106),
(100359, 10.720150, 122.562106),
(100360, 10.720150, 122.562106),
(100361, 10.720150, 122.562106),
(100362, 10.720150, 122.562106),
(100363, 10.720150, 122.562106),
(100364, 10.720150, 122.562106),
(100365, 10.720150, 122.562106),
(100366, 10.720150, 122.562106),
(100367, 10.720150, 122.562106),
(100368, 10.720150, 122.562106),
(100369, 10.720150, 122.562106),
(100370, 10.720150, 122.562106),
(100371, 10.720150, 122.562106),
(100372, 10.720150, 122.562106),
(100373, 10.720150, 122.562106),
(100374, 10.720150, 122.562106),
(100375, 10.720150, 122.562106),
(100376, 10.720150, 122.562106),
(100377, 10.720150, 122.562106),
(100378, 10.720150, 122.562106),
(100379, 10.720150, 122.562106),
(100380, 10.720150, 122.562106),
(100381, 10.720150, 122.562106),
(100382, 10.720150, 122.562106),
(100383, 10.720150, 122.562106),
(100384, 10.720150, 122.562106),
(100385, 10.720150, 122.562106),
(100386, 10.720150, 122.562106),
(100387, 10.720150, 122.562106),
(100388, 10.720150, 122.562106),
(100389, 10.720150, 122.562106),
(100390, 10.720150, 122.562106),
(100391, 10.720150, 122.562106),
(100392, 10.720150, 122.562106),
(100393, 10.720150, 122.562106),
(100394, 10.720150, 122.562106),
(100395, 10.720150, 122.562106),
(100396, 10.720150, 122.562106),
(100397, 10.720150, 122.562106),
(100398, 10.720150, 122.562106),
(100399, 10.720150, 122.562106),
(100400, 10.720150, 122.562106),
(100401, 10.720150, 122.562106),
(100402, 10.720150, 122.562106),
(100403, 10.720150, 122.562106),
(100404, 10.720150, 122.562106),
(100405, 10.720150, 122.562106),
(100406, 10.720150, 122.562106),
(100407, 10.720150, 122.562106),
(100408, 10.720150, 122.562106),
(100409, 10.720150, 122.562106),
(100410, 10.720150, 122.562106),
(100411, 10.720150, 122.562106),
(100412, 10.720150, 122.562106),
(100413, 10.720150, 122.562106),
(100414, 0.000000, 0.000000),
(100415, 0.000000, 0.000000),
(100416, 0.000000, 0.000000),
(100417, 0.000000, 0.000000),
(100418, 0.000000, 0.000000),
(100419, 0.000000, 0.000000),
(100420, 10.720150, 122.562106),
(100421, 10.720150, 122.562106),
(100422, 10.720150, 122.562106),
(100423, 10.720150, 122.562106),
(100424, 10.720150, 122.562106),
(100425, 0.000000, 0.000000),
(100426, 10.720150, 122.562106),
(100427, 10.720150, 122.562106),
(100428, 10.720150, 122.562106),
(100429, 10.720443, 122.562076),
(100430, 0.000000, 0.000000),
(100431, 10.720150, 122.562106),
(100432, 10.720150, 122.562106),
(100433, 10.720150, 122.562106),
(100434, 10.720150, 122.562106),
(100435, 10.720150, 122.562106),
(100436, 10.720150, 122.562106),
(100437, 10.720150, 122.562106),
(100438, 10.720150, 122.562106),
(100439, 10.720150, 122.562106),
(100440, 0.000000, 0.000000),
(100441, 10.720150, 122.562106),
(100442, 0.000000, 0.000000),
(100443, 10.720150, 122.562106),
(100444, 10.720150, 122.562106),
(100445, 10.720150, 122.562106),
(100446, 10.720150, 122.562106),
(100447, 0.000000, 0.000000),
(100448, 10.720150, 122.562106),
(100449, 0.000000, 0.000000),
(100450, 10.720150, 122.562106),
(100451, 10.852415, 122.485073),
(100452, 10.720150, 122.562106),
(100453, 10.720150, 122.562106),
(100454, 10.720150, 122.562106),
(100455, 10.720150, 122.562106),
(100456, 10.720150, 122.562106),
(100457, 10.720150, 122.562106),
(100458, 10.720150, 122.562106),
(100459, 10.720150, 122.562106),
(100460, 10.720150, 122.562106),
(100461, 10.720150, 122.562106),
(100462, 10.720150, 122.562106),
(100463, 10.720150, 122.562106),
(100464, 10.720150, 122.562106),
(100465, 10.720150, 122.562106),
(100466, 10.720150, 122.562106),
(100467, 10.720150, 122.562106),
(100468, 10.720150, 122.562106),
(100469, 10.720150, 122.562106),
(100470, 10.720150, 122.562106),
(100471, 10.720150, 122.562106),
(100472, 10.720150, 122.562106),
(100473, 10.720150, 122.562106),
(100474, 10.715777, 122.568924),
(100475, 10.715777, 122.568924),
(100476, 10.715777, 122.568924),
(100477, 10.715777, 122.568924),
(100478, 10.715777, 122.568924),
(100479, 10.715777, 122.568924),
(100480, 10.715777, 122.568924),
(100481, 10.715777, 122.568924),
(100482, 10.715777, 122.568924),
(100483, 10.715777, 122.568924),
(100484, 10.715777, 122.568924),
(100485, 10.715777, 122.568924),
(100486, 10.715777, 122.568924),
(100487, 10.715777, 122.568924),
(100488, 10.715777, 122.568924),
(100489, 10.715777, 122.568924),
(100490, 10.715777, 122.568924),
(100491, 10.715777, 122.568924),
(100492, 10.715777, 122.568924),
(100493, 10.715777, 122.568924),
(100494, 10.715777, 122.568924),
(100495, 10.715777, 122.568924),
(100496, 10.715777, 122.568924),
(100497, 10.715777, 122.568924),
(100498, 10.715777, 122.568924),
(100499, 10.715777, 122.568924),
(100500, 10.715777, 122.568924),
(100501, 10.715777, 122.568924),
(100502, 10.715777, 122.568924),
(100503, 10.715777, 122.568924),
(100504, 10.715777, 122.568924),
(100505, 10.715777, 122.568924),
(100506, 10.715777, 122.568924),
(100507, 10.715777, 122.568924),
(100508, 10.715777, 122.568924),
(100509, 10.715777, 122.568924),
(100510, 10.715777, 122.568924),
(100511, 0.000000, 0.000000),
(100512, 10.715777, 122.568924),
(100513, 10.715777, 122.568924),
(100514, 10.715777, 122.568924),
(100515, 10.715777, 122.568924),
(100516, 0.000000, 0.000000),
(100517, 0.000000, 0.000000),
(100518, 0.000000, 0.000000),
(100519, 0.000000, 0.000000),
(100520, 10.715777, 122.568924),
(100521, 10.715777, 122.568924),
(100522, 10.715777, 122.568924),
(100523, 10.715777, 122.568924),
(100524, 10.715777, 122.568924),
(100525, 10.715777, 122.568924),
(100526, 10.715777, 122.568924),
(100527, 10.715777, 122.568924),
(100528, 10.715777, 122.568924),
(100529, 10.715777, 122.568924),
(100530, 10.715777, 122.568924),
(100531, 10.715777, 122.568924),
(100532, 10.715777, 122.568924),
(100533, 10.715777, 122.568924),
(100534, 10.715777, 122.568924),
(100535, 10.715777, 122.568924),
(100536, 10.715777, 122.568924),
(100537, 10.716094, 122.568503),
(100538, 10.715777, 122.568924),
(100539, 10.715847, 122.565988),
(100540, 10.715847, 122.565988),
(100541, 10.717417, 122.571894),
(100542, 0.000000, 0.000000),
(100543, 0.000000, 0.000000),
(100544, 0.000000, 0.000000),
(100545, 0.000000, 0.000000),
(100546, 0.000000, 0.000000),
(100547, 10.715780, 122.571199),
(100548, 10.715780, 122.571199),
(100549, 10.715780, 122.571199),
(100550, 10.715780, 122.571199),
(100551, 10.715780, 122.571199),
(100552, 10.715780, 122.571199),
(100553, 10.715780, 122.571199),
(100554, 10.715780, 122.571199),
(100555, 10.715780, 122.571199),
(100556, 10.715780, 122.571199),
(100557, 10.715780, 122.571199),
(100558, 10.715780, 122.571199),
(100559, 10.715780, 122.571199),
(100560, 0.000000, 0.000000),
(100561, 10.715780, 122.571199),
(100562, 10.715780, 122.571199),
(100563, 10.849976, 122.462099),
(100564, 10.715780, 122.571199),
(100565, 10.716316, 122.568370),
(100566, 10.720150, 122.562106),
(100567, 10.709700, 122.564800),
(100568, 10.880810, 122.481250),
(100569, 0.000000, 0.000000),
(100570, 0.000000, 0.000000),
(100571, 0.000000, 0.000000),
(100572, 0.000000, 0.000000),
(100573, 0.000000, 0.000000),
(100574, 0.000000, 0.000000),
(100575, 0.000000, 0.000000),
(100576, 0.000000, 0.000000),
(100577, 0.000000, 0.000000),
(100578, 0.000000, 0.000000),
(100579, 0.000000, 0.000000),
(100580, 0.000000, 0.000000),
(100581, 0.000000, 0.000000),
(100582, 0.000000, 0.000000),
(100583, 0.000000, 0.000000),
(100584, 0.000000, 0.000000),
(100585, 0.000000, 0.000000),
(100586, 0.000000, 0.000000),
(100587, 0.000000, 0.000000),
(100588, 0.000000, 0.000000),
(100589, 0.000000, 0.000000),
(100590, 0.000000, 0.000000),
(100591, 0.000000, 0.000000),
(100592, 0.000000, 0.000000),
(100593, 0.000000, 0.000000),
(100594, 0.000000, 0.000000),
(100595, 0.000000, 0.000000),
(100596, 0.000000, 0.000000),
(100597, 0.000000, 0.000000),
(100598, 0.000000, 0.000000),
(100599, 0.000000, 0.000000),
(100600, 1.010690, 9.926783),
(100601, 10.881664, 122.487481),
(100602, 10.881664, 122.487481),
(100603, 0.000000, 0.000000),
(100604, 0.000000, 0.000000),
(100605, 0.000000, 0.000000),
(100606, 0.000000, 0.000000),
(100607, 0.000000, 0.000000),
(100608, 0.000000, 0.000000),
(100609, 10.815771, 122.601929),
(100610, 0.000000, 0.000000),
(100611, 10.881664, 122.487481),
(100612, 10.881664, 122.487481),
(100613, 10.881664, 122.487481),
(100614, 10.881664, 122.487481),
(100615, 10.882181, 122.486642),
(100616, 10.881607, 122.486824),
(100617, 10.881543, 122.487007),
(100618, 0.000000, 0.000000),
(100619, 0.000000, 0.000000),
(100620, 0.000000, 0.000000),
(100621, 0.000000, 0.000000),
(100622, 0.000000, 0.000000),
(100623, 10.716178, 122.566805),
(100624, 10.716663, 122.565891),
(100625, 0.000000, 0.000000),
(100626, 0.000000, 0.000000),
(100627, 0.000000, 0.000000),
(100628, 0.000000, 0.000000),
(100629, 0.000000, 0.000000),
(100630, 0.000000, 0.000000),
(100631, 0.000000, 0.000000),
(100632, 0.000000, 0.000000),
(100633, 0.000000, 0.000000),
(100634, 0.000000, 0.000000),
(100635, 0.000000, 0.000000),
(100636, 0.000000, 0.000000),
(100637, 0.000000, 0.000000),
(100638, 0.000000, 0.000000),
(100639, 0.000000, 0.000000),
(100640, 0.000000, 0.000000),
(100641, 0.000000, 0.000000),
(100642, 0.000000, 0.000000),
(100643, 0.000000, 0.000000),
(100644, 0.000000, 0.000000),
(100645, 0.000000, 0.000000),
(100646, 0.000000, 0.000000),
(100647, 0.000000, 0.000000),
(100648, 0.000000, 0.000000),
(100649, 0.000000, 0.000000),
(100650, 0.000000, 0.000000),
(100651, 0.000000, 0.000000),
(100652, 0.000000, 0.000000),
(100653, 11.006394, 122.520947),
(100654, 0.000000, 0.000000),
(100655, 0.000000, 0.000000),
(100656, 0.000000, 0.000000),
(100657, 0.000000, 0.000000),
(100658, 0.000000, 0.000000),
(100659, 0.000000, 0.000000),
(100660, 0.000000, 0.000000),
(100661, 0.000000, 0.000000),
(100662, 0.000000, 0.000000),
(100663, 0.000000, 0.000000),
(100664, 0.000000, 0.000000),
(100665, 0.000000, 0.000000),
(100666, 0.000000, 0.000000),
(100667, 0.000000, 0.000000),
(100668, 0.000000, 0.000000),
(100669, 10.849491, 122.487946),
(100670, 11.016689, 122.673340),
(100671, 0.000000, 0.000000),
(100672, 0.000000, 0.000000),
(100673, 0.000000, 0.000000),
(100674, 0.000000, 0.000000),
(100675, 0.000000, 0.000000),
(100676, 0.000000, 0.000000),
(100677, 0.000000, 0.000000),
(100678, 0.000000, 0.000000),
(100679, 0.000000, 0.000000),
(100680, 0.000000, 0.000000),
(100681, 0.000000, 0.000000),
(100682, 0.000000, 0.000000),
(100683, 10.871387, 482.491829),
(100684, 10.770221, 122.522627),
(100685, 0.000000, 0.000000),
(100686, 0.000000, 0.000000),
(100687, 0.000000, 0.000000),
(100688, 0.000000, 0.000000),
(100689, 0.000000, 0.000000),
(100690, 0.000000, 0.000000),
(100691, 0.000000, 0.000000),
(100692, 0.000000, 0.000000),
(100693, 0.000000, 0.000000),
(100694, 0.000000, 0.000000),
(100695, 0.000000, 0.000000),
(100696, 0.000000, 0.000000),
(100697, 0.000000, 0.000000),
(100698, 0.000000, 0.000000),
(100699, 0.000000, 0.000000),
(100700, 0.000000, 0.000000),
(100701, 0.000000, 0.000000),
(100702, 0.000000, 0.000000),
(100703, 0.000000, 0.000000),
(100704, 0.000000, 0.000000),
(100705, 0.000000, 0.000000),
(100706, 0.000000, 0.000000),
(100707, 0.000000, 0.000000),
(100708, 0.000000, 0.000000),
(100709, 0.000000, 0.000000),
(100710, 0.000000, 0.000000),
(100711, 0.000000, 0.000000),
(100712, 0.000000, 0.000000),
(100713, 0.000000, 0.000000),
(100714, 0.000000, 0.000000),
(100715, 0.000000, 0.000000),
(100716, 0.000000, 0.000000),
(100717, 0.000000, 0.000000),
(100718, 0.000000, 0.000000),
(100719, 10.879268, 122.481165),
(100720, 0.000000, 0.000000),
(100721, 0.000000, 0.000000),
(100722, 0.000000, 0.000000),
(100723, 0.000000, 0.000000),
(100724, 0.000000, 0.000000),
(100725, 0.000000, 0.000000),
(100726, 0.000000, 0.000000),
(100727, 0.000000, 0.000000),
(100728, 0.000000, 0.000000),
(100729, 10.872124, 122.475886),
(100730, 0.000000, 0.000000),
(100731, 0.000000, 0.000000),
(100732, 0.000000, 0.000000),
(100733, 0.000000, 0.000000),
(100734, 0.000000, 0.000000),
(100735, 0.000000, 0.000000),
(100736, 10.860239, 122.483751),
(100737, 0.000000, 0.000000),
(100738, 0.000000, 0.000000),
(100739, 0.000000, 0.000000),
(100740, 0.000000, 0.000000),
(100741, 0.000000, 0.000000),
(100742, 0.000000, 0.000000),
(100743, 0.000000, 0.000000),
(100744, 0.000000, 0.000000),
(100745, 0.000000, 0.000000),
(100746, 0.000000, 0.000000),
(100747, 0.000000, 0.000000),
(100748, 0.000000, 0.000000),
(100749, 0.000000, 0.000000),
(100750, 0.000000, 0.000000),
(100751, 0.000000, 0.000000),
(100752, 0.000000, 0.000000),
(100753, 0.000000, 0.000000),
(100754, 0.000000, 0.000000),
(100755, 0.000000, 0.000000),
(100756, 0.000000, 0.000000),
(100757, 0.000000, 0.000000),
(100758, 0.000000, 0.000000),
(100759, 10.881986, 122.487898),
(100760, 0.000000, 0.000000),
(100761, 0.000000, 0.000000),
(100762, 0.000000, 0.000000),
(100763, 0.000000, 0.000000),
(100764, 0.000000, 0.000000),
(100765, 0.000000, 0.000000),
(100766, 0.000000, 0.000000),
(100767, 0.000000, 0.000000),
(100768, 0.000000, 0.000000),
(100769, 0.000000, 0.000000),
(100770, 0.000000, 0.000000),
(100771, 0.000000, 0.000000),
(100772, 0.000000, 0.000000),
(100773, 0.000000, 0.000000),
(100774, 0.000000, 0.000000),
(100775, 10.876760, 122.481594),
(100776, 0.000000, 0.000000),
(100777, 0.000000, 0.000000),
(100778, 0.000000, 0.000000),
(100779, 10.898880, 122.629942),
(100780, 0.000000, 0.000000),
(100781, 0.000000, 0.000000),
(100782, 0.000000, 0.000000),
(100783, 0.000000, 0.000000),
(100784, 0.000000, 0.000000),
(100785, 0.000000, 0.000000),
(100786, 0.000000, 0.000000),
(100787, 10.798857, 122.527082),
(100788, 0.000000, 0.000000),
(100789, 0.000000, 0.000000),
(100790, 0.000000, 0.000000),
(100791, 0.000000, 0.000000),
(100792, 0.000000, 0.000000),
(100793, 0.000000, 0.000000),
(100794, 0.000000, 0.000000),
(100795, 0.000000, 0.000000),
(100796, 0.000000, 0.000000),
(100797, 0.000000, 0.000000),
(100798, 0.000000, 0.000000),
(100799, 0.000000, 0.000000),
(100800, 0.000000, 0.000000),
(100801, 0.000000, 0.000000),
(100802, 0.000000, 0.000000),
(100803, 0.000000, 0.000000),
(100804, 0.000000, 0.000000),
(100805, 0.000000, 0.000000),
(100806, 0.000000, 0.000000),
(100807, 0.000000, 0.000000),
(100808, 0.000000, 0.000000),
(100809, 0.000000, 0.000000),
(100810, 0.000000, 0.000000),
(100811, 0.000000, 0.000000),
(100812, 0.000000, 0.000000),
(100813, 0.000000, 0.000000),
(100814, 0.000000, 0.000000),
(100815, 0.000000, 0.000000),
(100816, 0.000000, 0.000000),
(100817, 10.880095, 122.481486),
(100818, 0.000000, 0.000000),
(100819, 0.000000, 0.000000),
(100820, 0.000000, 0.000000),
(100821, 0.000000, 0.000000),
(100822, 0.000000, 0.000000),
(100823, 0.000000, 0.000000),
(100824, 0.000000, 0.000000),
(100825, 0.000000, 0.000000),
(100826, 10.880079, 122.481433),
(100827, 0.000000, 0.000000),
(100828, 0.000000, 0.000000),
(100829, 0.000000, 0.000000),
(100830, 0.000000, 0.000000),
(100831, 0.000000, 0.000000),
(100832, 0.000000, 0.000000),
(100833, 0.000000, 0.000000),
(100834, 0.000000, 0.000000),
(100835, 0.000000, 0.000000),
(100836, 0.000000, 0.000000),
(100837, 0.000000, 0.000000),
(100838, 10.880095, 122.481540),
(100839, 10.880074, 122.481519),
(100840, 10.880411, 122.480446),
(100841, 0.000000, 0.000000),
(100842, 0.000000, 0.000000),
(100843, 0.000000, 0.000000),
(100844, 0.000000, 0.000000),
(100845, 0.000000, 0.000000),
(100846, 0.000000, 0.000000),
(100847, 0.000000, 0.000000),
(100848, 0.000000, 0.000000),
(100849, 0.000000, 0.000000),
(100850, 0.000000, 0.000000),
(100851, 0.000000, 0.000000),
(100852, 0.000000, 0.000000),
(100853, 0.000000, 0.000000),
(100854, 0.000000, 0.000000),
(100855, 0.000000, 0.000000),
(100856, 0.000000, 0.000000),
(100857, 0.000000, 0.000000),
(100858, 0.000000, 0.000000),
(100859, 0.000000, 0.000000),
(100860, 0.000000, 0.000000),
(100861, 0.000000, 0.000000),
(100862, 0.000000, 0.000000),
(100863, 0.000000, 0.000000),
(100864, 0.000000, 0.000000),
(100865, 0.000000, 0.000000),
(100866, 0.000000, 0.000000),
(100867, 10.880068, 122.481471),
(100868, 10.880058, 122.481492),
(100869, 10.880110, 122.481492),
(100870, 10.880084, 122.481497),
(100871, 0.000000, 0.000000),
(100872, 0.000000, 0.000000),
(100873, 0.000000, 0.000000),
(100874, 0.000000, 0.000000),
(100875, 0.000000, 0.000000),
(100876, 0.000000, 0.000000),
(100877, 0.000000, 0.000000),
(100878, 0.000000, 0.000000),
(100879, 0.000000, 0.000000),
(100880, 0.000000, 0.000000),
(100881, 0.000000, 0.000000),
(100882, 0.000000, 0.000000),
(100883, 0.000000, 0.000000),
(100884, 0.000000, 0.000000),
(100885, 0.000000, 0.000000),
(100886, 0.000000, 0.000000),
(100887, 0.000000, 0.000000),
(100888, 0.000000, 0.000000),
(100889, 10.878825, 122.482109),
(100890, 0.000000, 0.000000),
(100891, 0.000000, 0.000000),
(100892, 0.000000, 0.000000),
(100893, 0.000000, 0.000000),
(100894, 0.000000, 0.000000),
(100895, 0.000000, 0.000000),
(100896, 0.000000, 0.000000),
(100897, 0.000000, 0.000000),
(100898, 0.000000, 0.000000),
(100899, 0.000000, 0.000000),
(100900, 0.000000, 0.000000),
(100901, 0.000000, 0.000000),
(100902, 0.000000, 0.000000),
(100903, 0.000000, 0.000000),
(100904, 0.000000, 0.000000),
(100905, 0.000000, 0.000000),
(100906, 0.000000, 0.000000),
(100907, 0.000000, 0.000000),
(100908, 0.000000, 0.000000),
(100909, 10.882028, 122.487710),
(100910, 10.896357, 122.489495);

-- --------------------------------------------------------

--
-- Table structure for table `notification`
--

CREATE TABLE `notification` (
  `notifID` int(11) NOT NULL,
  `petID` int(11) DEFAULT NULL,
  `MAOID` int(11) DEFAULT NULL,
  `residentID` int(11) DEFAULT NULL,
  `caseID` int(11) DEFAULT NULL,
  `brgyID` int(11) DEFAULT NULL,
  `notifType` tinyint(1) NOT NULL,
  `notifDate` datetime NOT NULL DEFAULT current_timestamp(),
  `notifMessage` varchar(255) NOT NULL,
  `isRead` tinyint(1) NOT NULL,
  `BAOread` tinyint(1) NOT NULL,
  `adminRead` tinyint(1) NOT NULL
) ENGINE=InnoDB DEFAULT CHARSET=utf8mb4 COLLATE=utf8mb4_general_ci;

--
-- Dumping data for table `notification`
--

INSERT INTO `notification` (`notifID`, `petID`, `MAOID`, `residentID`, `caseID`, `brgyID`, `notifType`, `notifDate`, `notifMessage`, `isRead`, `BAOread`, `adminRead`) VALUES
(535, NULL, NULL, 74, NULL, 1, 6, '2024-06-17 20:37:38', 'An Bite case has been recorded.', 0, 1, 1),
(536, NULL, 74, 96, NULL, 1, 10, '2024-06-17 20:40:40', 'Your pet registry has been deemed invalid by BAO.', 1, 0, 0),
(537, NULL, NULL, 96, NULL, 1, 1, '2024-06-25 04:23:49', 'A new pet has been registered.', 0, 1, 0);

-- --------------------------------------------------------

--
-- Table structure for table `pet`
--

CREATE TABLE `pet` (
  `petID` int(11) NOT NULL,
  `residentID` int(11) NOT NULL,
  `petType` tinyint(1) NOT NULL,
  `pname` varchar(50) NOT NULL,
  `sex` tinyint(1) NOT NULL,
  `color` varchar(50) NOT NULL,
  `status` tinyint(1) NOT NULL,
  `age` int(11) NOT NULL,
  `regDate` datetime NOT NULL DEFAULT current_timestamp(),
  `Neutering` tinyint(1) NOT NULL,
  `currentVac` datetime DEFAULT current_timestamp(),
  `statusVac` tinyint(1) NOT NULL,
  `pdescription` text NOT NULL,
  `vetVac` tinyint(1) NOT NULL,
  `BAOremarks` varchar(255) NOT NULL,
  `Health` tinyint(1) NOT NULL
) ENGINE=InnoDB DEFAULT CHARSET=latin1 COLLATE=latin1_swedish_ci;

--
-- Dumping data for table `pet`
--

INSERT INTO `pet` (`petID`, `residentID`, `petType`, `pname`, `sex`, `color`, `status`, `age`, `regDate`, `Neutering`, `currentVac`, `statusVac`, `pdescription`, `vetVac`, `BAOremarks`, `Health`) VALUES
(55, 74, 0, 'Francis', 0, 'white', 1, 1, '2023-12-05 00:00:00', 0, '2024-04-02 00:00:00', 1, 'gwapo', 0, '', 1),
(57, 74, 0, 'Juls', 0, 'violet', 1, 12, '2023-12-07 00:00:00', 0, '2024-03-19 00:00:00', 1, 'gwapa', 0, '', 0),
(59, 72, 0, 'Sarce', 0, 'Gray', 1, 1, '2024-10-10 00:00:00', 0, '2024-11-10 00:00:00', 0, 'thin and long, with fluffy fur', 0, '', 0),
(60, 72, 0, 'Van', 0, 'green', 1, 12, '2023-12-10 00:00:00', 0, '2023-12-10 00:00:00', 0, 'dako ka ido', 0, '', 0),
(61, 72, 1, 'hello', 0, 'green', 2, 1, '2021-02-10 00:00:00', 0, '2021-10-10 00:00:00', 0, 'gwapo', 0, '', 0),
(63, 96, 0, 'Bugoy', 0, 'Gray', 0, 4, '2022-08-25 00:00:00', 0, '2024-04-02 00:00:00', 1, 'Brawny', 0, '', 0),
(64, 96, 0, 'Chilly', 0, 'black', 0, 5, '2023-12-10 00:00:00', 0, NULL, 0, 'dako ka ido', 0, '', 0),
(65, 77, 0, 'Gustav', 0, 'Tiger', 1, 2, '2023-12-10 00:00:00', 1, '2024-04-08 00:00:00', 1, 'Pagsik', 0, '', 0),
(66, 77, 0, 'Chicky', 1, 'black', 1, 1, '2023-12-10 00:00:00', 1, '0000-00-00 00:00:00', 1, 'Thin', 0, '', 0),
(67, 77, 0, 'Beethoven', 0, 'white', 1, 4, '2023-12-10 00:00:00', 1, '2024-04-01 00:00:00', 1, 'Big dog', 0, '', 0),
(68, 76, 0, 'Buknoy', 0, 'black', 1, 7, '2023-12-10 00:00:00', 1, '2023-03-10 00:00:00', 0, 'Sip-unon', 0, '', 0),
(69, 76, 0, 'Coco', 0, 'black', 2, 1, '2023-12-10 00:00:00', 1, '2023-03-10 00:00:00', 0, 'Suplado', 0, '', 0),
(70, 77, 0, 'Porgie', 0, 'black', 1, 1, '2023-12-10 00:00:00', 1, '2024-04-01 00:00:00', 1, 'Pagsik', 0, '', 0),
(71, 76, 0, 'Shine', 1, 'black', 0, 3, '2023-12-10 00:00:00', 1, '2023-03-10 00:00:00', 0, 'Luya', 0, '', 0),
(75, 77, 0, 'Sarsi', 0, 'black', 1, 1, '2023-12-11 00:00:00', 0, '2023-12-11 00:00:00', 0, 'Gwapo', 0, '', 0),
(78, 96, 0, 'Hansie', 0, 'black', 0, 5, '2023-12-11 00:00:00', 0, '2024-04-15 00:00:00', 1, 'dako ka ido', 1, '', 0),
(79, 74, 0, 'Jusil', 1, 'black', 1, 1, '2023-12-11 00:00:00', 0, '2024-01-17 00:00:00', 0, 'gwapo', 0, '', 0),
(81, 280, 1, 'Cristal', 1, 'Green', 1, 2, '2023-12-11 00:00:00', 1, '2023-12-12 00:00:00', 0, 'Pagsik', 0, '', 0),
(82, 279, 0, 'Lobin', 0, 'white', 1, 2, '2023-12-11 00:00:00', 1, '2024-05-01 00:00:00', 1, 'gwapo', 0, '', 0),
(83, 280, 0, 'Boki', 0, 'Gray', 1, 6, '2023-12-12 00:00:00', 0, NULL, 1, 'Pugi', 0, '', 0),
(120, 279, 0, 'hue', 0, 'Violet', 1, 12, '2023-12-17 00:00:00', 1, '2024-04-02 00:00:00', 1, 'Pagsik', 0, '', 0),
(131, 74, 1, 'gWAPO', 1, 'Violet', 1, 2, '2024-01-20 19:59:08', 0, '2024-04-02 00:00:00', 1, '111', 0, '', 1),
(132, 74, 1, 'gWAPO', 0, 'Violet', 1, 2111, '2024-01-20 20:00:03', 1, '2024-04-02 00:00:00', 1, '1111', 0, '', 0),
(133, 81, 0, 'hehehe', 0, '111', 1, 111, '2024-01-21 11:08:30', 0, '2024-01-21 18:08:30', 1, '111', 0, '', 0),
(139, 83, 1, 'hehehe', 1, '111', 1, 111, '2024-01-23 19:23:22', 1, '2024-01-24 02:23:22', 1, '111', 0, '', 0),
(140, 87, 0, 'hehehe', 0, '111', 1, 111, '2024-01-23 20:06:44', 0, '2024-01-24 00:00:00', 0, '1111', 0, '', 0),
(141, 75, 1, 'Shany', 1, 'Brown', 1, 2, '2024-01-25 09:05:56', 0, NULL, 1, '1111', 0, '', 0),
(142, 75, 1, 'Shany', 0, 'Brown', 1, 2, '2024-01-25 09:07:12', 0, NULL, 1, '1111', 0, '', 0),
(143, 285, 0, 'Coco', 0, 'Brown', 1, 3, '2024-02-08 00:05:01', 0, '2024-04-02 00:00:00', 1, 'hehehe', 0, '', 0),
(145, 74, 1, 'Shany', 0, 'color', 1, 112, '2024-02-08 08:26:42', 0, '2024-04-02 00:00:00', 1, 'HAHAHa', 0, '', 0),
(147, 74, 1, 'Juls1', 0, 'Brown', 1, 3, '2024-02-12 13:22:16', 0, '2024-04-02 00:00:00', 1, '1232', 0, '', 0),
(149, 301, 0, 'hehehe', 1, 'COLOR', 1, 111, '2024-02-25 18:10:33', 0, NULL, 1, 'GWAPO', 0, '', 0),
(150, 301, 0, 'hehehe', 0, 'COLOR', 1, 111, '2024-02-25 18:11:29', 0, NULL, 1, 'heehehe', 0, '', 0),
(151, 96, 0, 'Blacky', 0, 'Black', 1, 2, '2024-02-25 18:36:03', 0, '2024-04-01 00:00:00', 0, 'gapanindog ang bulbol kung may makita nga tawo kag sapat, katataman nga lawas, putot', 0, '', 0),
(152, 301, 0, 'hehehe', 0, 'Black', 1, 111, '2024-02-25 18:48:31', 0, '2024-02-26 01:48:31', 1, 'gapanindog ang bulbol kung may makita nga tawo kag sapat, katataman nga lawas, putot', 0, '', 0),
(154, 74, 1, 'Gwapo Ako', 1, 'White', 1, 12, '2024-02-28 02:10:08', 0, NULL, 1, 'gwapo gd e', 0, '', 0),
(155, 302, 0, 'Gwapo Ako', 0, 'White', 1, 12, '2024-02-28 02:32:14', 0, NULL, 1, 'gwapo gd e', 0, '', 0),
(157, 74, 1, 'whitey', 0, 'white', 1, 111, '2024-03-07 15:33:12', 0, '2024-04-02 00:00:00', 1, 'gwapo', 0, '', 0),
(160, 74, 0, 'hehehhehehe', 0, 'Brown', 1, 3, '2024-03-31 17:35:18', 1, NULL, 1, 'hehehe', 1, '', 0),
(161, 73, 1, 'hehehhehehe', 0, 'Brown', 1, 3, '2024-03-31 18:09:08', 1, NULL, 1, 'hehehehe', 1, 'Wow', 0),
(162, 77, 1, 'hehehhehehe', 1, 'Brown', 1, 3, '2024-03-31 18:10:27', 1, '2024-04-01 00:00:00', 1, 'hehehhe', 0, '', 0),
(163, 77, 1, 'hehehhehehe', 0, 'Brown', 1, 3, '2024-03-31 18:21:53', 1, NULL, 1, 'gefede', 1, 'hi hello miss', 0),
(165, 304, 1, 'Shany', 0, 'Brown', 1, 3, '2024-04-07 20:28:12', 0, '2024-04-09 00:00:00', 0, 'fsdf', 1, '', 0),
(166, 304, 0, 'Shany', 1, 'Brown', 0, 3, '2024-04-07 20:45:31', 0, '2024-04-08 00:00:00', 1, 'gabusong', 0, '', 0),
(174, 74, 1, 'hehhehe ', 1, 'ti ano?', 1, 12, '2024-04-15 09:51:50', 0, '2024-04-15 00:00:00', 0, 'hehehhee', 0, '', 0),
(177, 305, 1, 'ay?', 0, 'ti ano?', 0, 12, '2024-04-16 09:37:47', 1, '2024-04-16 15:37:47', 0, 'hehehe', 1, '', 0),
(178, 86, 1, 'hehhehe ', 0, 'ti ano?', 1, 12, '2024-04-16 09:50:11', 0, NULL, 1, '12121', 1, '', 1),
(179, 86, 0, 'agay', 0, 'violet', 1, 1, '2024-04-19 21:26:20', 1, NULL, 1, 'hehehhe', 1, '', 0),
(180, 80, 0, 'agay', 0, 'violet', 1, 1, '2024-04-19 21:30:42', 0, NULL, 1, '1', 0, '', 0),
(181, 80, 1, 'hehehe', 1, '111', 1, 1, '2024-04-19 21:40:03', 0, NULL, 1, '1', 1, '', 0),
(182, 310, 1, 'Coco', 0, 'Brown', 1, 1, '2024-04-19 23:45:22', 1, '2024-04-20 05:45:22', 0, 'Agay', 1, '', 0),
(184, 119, 0, 'Coco', 0, 'Brown', 1, 1, '2024-04-20 05:37:14', 1, NULL, 0, 'hhaahah', 1, '', 1),
(185, 310, 1, 'Oki', 0, 'black', 1, 1, '2024-04-20 06:07:40', 1, NULL, 0, 'hehehe', 1, '', 0),
(186, 310, 1, 'bini', 1, 'black', 1, 1, '2024-04-20 06:09:11', 1, NULL, 0, 'awts', 1, '', 0),
(190, 96, 1, 'Blacky', 0, 'Violet', 0, 4, '2024-06-25 04:23:49', 1, '2024-06-25 10:23:49', 0, 'Maniwang', 1, '', 0);

-- --------------------------------------------------------

--
-- Table structure for table `resident`
--

CREATE TABLE `resident` (
  `residentID` int(11) NOT NULL,
  `geoID` int(11) NOT NULL,
  `brgyID` int(11) NOT NULL,
  `name` varchar(50) NOT NULL,
  `contactNo` varchar(15) NOT NULL,
  `email` varchar(50) NOT NULL,
  `password` varchar(255) NOT NULL,
  `userType` tinyint(1) NOT NULL DEFAULT 0,
  `userStatus` tinyint(1) NOT NULL DEFAULT 0,
  `reset_token` int(255) NOT NULL,
  `created_at` timestamp NOT NULL DEFAULT current_timestamp(),
  `account_date` date DEFAULT current_timestamp()
) ENGINE=InnoDB DEFAULT CHARSET=latin1 COLLATE=latin1_swedish_ci;

--
-- Dumping data for table `resident`
--

INSERT INTO `resident` (`residentID`, `geoID`, `brgyID`, `name`, `contactNo`, `email`, `password`, `userType`, `userStatus`, `reset_token`, `created_at`, `account_date`) VALUES
(72, 100202, 43, 'Hans Francis Alag', '09303970309', 'hansfrancisalag11@gmail.com', '$2y$10$gHrsrAPNoM6dVY019myP9e7vX5U18ui46qvPCYlyrcmOR1jGSDM/W', 1, 1, 69, '2024-02-07 22:22:14', '2024-02-25'),
(73, 100203, 1, 'user@pamg.cab', '09102030432', 'vanlesther.farol@students.isatu.edu.ph', '$2y$10$gHrsrAPNoM6dVY019myP9e7vX5U18ui46qvPCYlyrcmOR1jGSDM/W', 1, 1, 0, '2024-02-07 22:22:14', '2024-02-25'),
(74, 100205, 1, 'Patrick Garcia', '0963273823011', 'patrickgarcia@gmail.com', '$2y$10$BReIjMsVN.onSIrJ3Z3G1.SZDoJPmJYSoe8r79knx1MGDsPNxcYES', 1, 1, 6, '2024-02-07 22:22:14', '2024-02-25'),
(75, 100206, 1, 'Renz Gabriel Gose', '09303970309', 'renzgabrielgose@gmail.com', '$2y$10$gHrsrAPNoM6dVY019myP9e7vX5U18ui46qvPCYlyrcmOR1jGSDM/W', 1, 1, 0, '2024-02-07 22:22:14', '2024-02-25'),
(76, 100207, 2, 'Rosalie Alag', '09102030432', 'rosaliealag@gmail.com', '$2y$10$gHrsrAPNoM6dVY019myP9e7vX5U18ui46qvPCYlyrcmOR1jGSDM/W', 1, 1, 0, '2024-02-07 22:22:14', '2024-02-25'),
(77, 100208, 1, 'Levy Alag', '09989349853', 'levyalag@gmail.com', '$2y$10$gHrsrAPNoM6dVY019myP9e7vX5U18ui46qvPCYlyrcmOR1jGSDM/W', 1, 1, 0, '2024-02-07 22:22:14', '2024-02-25'),
(78, 100209, 3, 'Andrea Caballero', '09099786765', 'andreacaballero@gmail.com', '$2y$10$gHrsrAPNoM6dVY019myP9e7vX5U18ui46qvPCYlyrcmOR1jGSDM/W', 1, 1, 0, '2024-02-07 22:22:14', '2024-02-25'),
(79, 100210, 3, 'pio caballero', '09099786765', 'pio caballero', '$2y$10$gHrsrAPNoM6dVY019myP9e7vX5U18ui46qvPCYlyrcmOR1jGSDM/W', 1, 1, 0, '2024-02-07 22:22:14', '2024-02-25'),
(80, 100211, 4, 'romeo molinos', '09099786765', 'romeomolinos@gmail.com', '$2y$10$gHrsrAPNoM6dVY019myP9e7vX5U18ui46qvPCYlyrcmOR1jGSDM/W', 1, 1, 0, '2024-02-07 22:22:14', '2024-02-25'),
(81, 100212, 4, 'Ivy Bangcaya', '09303970309', 'ivybangcaya@gmail.com', '$2y$10$gHrsrAPNoM6dVY019myP9e7vX5U18ui46qvPCYlyrcmOR1jGSDM/W', 0, 0, 0, '2024-02-07 22:22:14', '2024-02-25'),
(82, 100213, 5, 'Analyn Male', '09102030432', 'analynmale@gmail.com', '$2y$10$gHrsrAPNoM6dVY019myP9e7vX5U18ui46qvPCYlyrcmOR1jGSDM/W', 1, 1, 0, '2024-02-07 22:22:14', '2024-02-25'),
(83, 100214, 5, 'Cj Dy', '0909538743991', 'cjdy@gmail.com', '$2y$10$gHrsrAPNoM6dVY019myP9e7vX5U18ui46qvPCYlyrcmOR1jGSDM/W', 0, 2, 0, '2024-02-07 22:22:14', '2024-02-25'),
(84, 100215, 43, 'Sarce Lennon', '09102030432', 'sarce@sarce.com', '$2y$10$gHrsrAPNoM6dVY019myP9e7vX5U18ui46qvPCYlyrcmOR1jGSDM/W', 0, 1, 0, '2024-02-07 22:22:14', '2024-02-25'),
(85, 100218, 43, 'andrea', '09303970309', 'andreao@gmail.com', '$2y$10$gHrsrAPNoM6dVY019myP9e7vX5U18ui46qvPCYlyrcmOR1jGSDM/W', 0, 0, 0, '2024-02-07 22:22:14', '2024-02-25'),
(86, 100219, 4, 'Alexander Molina', '09303232468', 'AlexanderMolina@gmail.com', '$2y$10$gHrsrAPNoM6dVY019myP9e7vX5U18ui46qvPCYlyrcmOR1jGSDM/W', 1, 1, 0, '2024-02-07 22:22:14', '2024-02-25'),
(87, 100220, 6, 'Londi Tejada', '09320302821', 'LondiTejada@gmail.com', '$2y$10$gHrsrAPNoM6dVY019myP9e7vX5U18ui46qvPCYlyrcmOR1jGSDM/W', 1, 1, 0, '2024-02-07 22:22:14', '2024-02-25'),
(88, 100221, 6, 'Roldan Velasco', '09123456789', 'RoldanVelasco@gmail.com', '$2y$10$gHrsrAPNoM6dVY019myP9e7vX5U18ui46qvPCYlyrcmOR1jGSDM/W', 0, 0, 0, '2024-02-07 22:22:14', '2024-02-25'),
(89, 100222, 7, 'Ricky Nunez', '09983283821', 'RickyNunez@gmail.com', '$2y$10$gHrsrAPNoM6dVY019myP9e7vX5U18ui46qvPCYlyrcmOR1jGSDM/W', 1, 1, 0, '2024-02-07 22:22:14', '2024-02-25'),
(90, 100223, 7, 'Aron Maravilla', '09896756342', 'AronMaravilla@gmail.com', '$2y$10$gHrsrAPNoM6dVY019myP9e7vX5U18ui46qvPCYlyrcmOR1jGSDM/W', 0, 0, 0, '2024-02-07 22:22:14', '2024-02-25'),
(91, 100224, 8, 'Ivan Canite', '09214354768', 'IvanCanite@gmail.com', '$2y$10$gHrsrAPNoM6dVY019myP9e7vX5U18ui46qvPCYlyrcmOR1jGSDM/W', 1, 1, 0, '2024-02-07 22:22:14', '2024-02-25'),
(92, 100225, 8, 'Harold Huesca', '09678453431', 'HaroldHuesca@gmail.com', '$2y$10$gHrsrAPNoM6dVY019myP9e7vX5U18ui46qvPCYlyrcmOR1jGSDM/W', 0, 0, 0, '2024-02-07 22:22:14', '2024-02-25'),
(93, 100226, 9, 'Danilo Ramos', '09328738622', 'DaniloRamos@gmail.com', '$2y$10$gHrsrAPNoM6dVY019myP9e7vX5U18ui46qvPCYlyrcmOR1jGSDM/W', 1, 1, 0, '2024-02-07 22:22:14', '2024-02-25'),
(94, 100227, 9, 'Nemia Mota', '09327462736', 'NemiaMota@gmail.com', '$2y$10$gHrsrAPNoM6dVY019myP9e7vX5U18ui46qvPCYlyrcmOR1jGSDM/W', 0, 0, 0, '2024-02-07 22:22:14', '2024-02-25'),
(95, 100228, 10, 'Mindal Allaga', '09308273236', 'MindalAllaga@gmail.com', '$2y$10$gHrsrAPNoM6dVY019myP9e7vX5U18ui46qvPCYlyrcmOR1jGSDM/W', 1, 1, 0, '2024-02-07 22:22:14', '2024-02-25'),
(96, 100229, 1, 'David Reoyo', '09329748732', 'DavidReoyo@gmail.com', '$2y$10$gHrsrAPNoM6dVY019myP9e7vX5U18ui46qvPCYlyrcmOR1jGSDM/W', 1, 1, 0, '2024-02-07 22:22:14', '2024-02-25'),
(97, 100230, 2, 'Amado Berbegal', '09903283287', 'AmadoBerbegal@gmail.com', '$2y$10$gHrsrAPNoM6dVY019myP9e7vX5U18ui46qvPCYlyrcmOR1jGSDM/W', 0, 1, 0, '2024-02-07 22:22:14', '2024-02-25'),
(98, 100231, 3, 'Edna Garmian', '09048349381', 'EdnaGarmian@gmail.com', '$2y$10$gHrsrAPNoM6dVY019myP9e7vX5U18ui46qvPCYlyrcmOR1jGSDM/W', 0, 1, 0, '2024-02-07 22:22:14', '2024-02-25'),
(99, 100232, 5, 'Roter Balbino', '09992103228', 'RoterBalbino@gmail.com', '$2y$10$gHrsrAPNoM6dVY019myP9e7vX5U18ui46qvPCYlyrcmOR1jGSDM/W', 0, 2, 0, '2024-02-07 22:22:14', '2024-02-25'),
(100, 100233, 6, 'Riza Padernal', '09332323823', 'RizaPadernal@gmail.com', '$2y$10$gHrsrAPNoM6dVY019myP9e7vX5U18ui46qvPCYlyrcmOR1jGSDM/W', 0, 0, 0, '2024-02-07 22:22:14', '2024-02-25'),
(101, 100234, 7, 'Pedro Motata', '09932938283', 'PedroMotata@gmail.com', '$2y$10$gHrsrAPNoM6dVY019myP9e7vX5U18ui46qvPCYlyrcmOR1jGSDM/W', 0, 0, 0, '2024-02-07 22:22:14', '2024-02-25'),
(102, 100235, 8, 'Donali Tobias', '09321323872', 'DonaliTobias@gmail.com', '$2y$10$gHrsrAPNoM6dVY019myP9e7vX5U18ui46qvPCYlyrcmOR1jGSDM/W', 0, 0, 0, '2024-02-07 22:22:14', '2024-02-25'),
(103, 100236, 9, 'Eliseo Vuelga', '09938748343', 'EliseoVuelga@gmail.com', '$2y$10$gHrsrAPNoM6dVY019myP9e7vX5U18ui46qvPCYlyrcmOR1jGSDM/W', 0, 0, 0, '2024-02-07 22:22:14', '2024-02-25'),
(104, 100237, 10, 'Crisna Moneva', '09923231872', 'CrisnaMoneva@gmail.com', '$2y$10$gHrsrAPNoM6dVY019myP9e7vX5U18ui46qvPCYlyrcmOR1jGSDM/W', 0, 0, 0, '2024-02-07 22:22:14', '2024-02-25'),
(105, 100238, 10, 'Ruez Bemuso', '09452635625', 'RuezBemuso@gmail.com', '$2y$10$gHrsrAPNoM6dVY019myP9e7vX5U18ui46qvPCYlyrcmOR1jGSDM/W', 0, 0, 0, '2024-02-07 22:22:14', '2024-02-25'),
(106, 100239, 9, 'Haydie Quino', '09303287482', 'HaydieBaluyan@gmail.com', '$2y$10$gHrsrAPNoM6dVY019myP9e7vX5U18ui46qvPCYlyrcmOR1jGSDM/W', 0, 0, 0, '2024-02-07 22:22:14', '2024-02-25'),
(107, 100240, 11, 'Anita Martinez', '09903293829', 'AnitaMartinez@gmail.com', '$2y$10$gHrsrAPNoM6dVY019myP9e7vX5U18ui46qvPCYlyrcmOR1jGSDM/W', 1, 1, 0, '2024-02-07 22:22:14', '2024-02-25'),
(108, 100241, 11, 'Eric Albarote', '09287362328', 'EricAlbarote@gmail.com', '$2y$10$gHrsrAPNoM6dVY019myP9e7vX5U18ui46qvPCYlyrcmOR1jGSDM/W', 0, 0, 0, '2024-02-07 22:22:14', '2024-02-25'),
(109, 100242, 11, 'Marjorie Brina', '09039232320', 'MarjorieBrina@gmail.com', '$2y$10$gHrsrAPNoM6dVY019myP9e7vX5U18ui46qvPCYlyrcmOR1jGSDM/W', 0, 0, 0, '2024-02-07 22:22:14', '2024-02-25'),
(110, 100243, 12, 'Ritzie Minor', '09328392381', 'RitzieMinor@gmail.com', '$2y$10$gHrsrAPNoM6dVY019myP9e7vX5U18ui46qvPCYlyrcmOR1jGSDM/W', 1, 1, 0, '2024-02-07 22:22:14', '2024-02-25'),
(111, 100244, 12, 'Nomer Clama', '09398273827', 'NomerClama@gmail.com', '$2y$10$gHrsrAPNoM6dVY019myP9e7vX5U18ui46qvPCYlyrcmOR1jGSDM/W', 0, 0, 0, '2024-02-07 22:22:14', '2024-02-25'),
(112, 100245, 12, 'Narciso Campos', '09201930292', 'NarcisoCampos@gmail.com', '$2y$10$gHrsrAPNoM6dVY019myP9e7vX5U18ui46qvPCYlyrcmOR1jGSDM/W', 0, 0, 0, '2024-02-07 22:22:14', '2024-02-25'),
(113, 100246, 13, 'Enrico Galache', '09993290403', 'EnricoGalache@gmail.com', '$2y$10$gHrsrAPNoM6dVY019myP9e7vX5U18ui46qvPCYlyrcmOR1jGSDM/W', 1, 1, 0, '2024-02-07 22:22:14', '2024-02-25'),
(114, 100247, 13, 'Jason Duero', '09323233454', 'JasonDuero@gmail.com', '$2y$10$gHrsrAPNoM6dVY019myP9e7vX5U18ui46qvPCYlyrcmOR1jGSDM/W', 0, 0, 0, '2024-02-07 22:22:14', '2024-02-25'),
(115, 100248, 13, 'Ella Celindro', '09328382323', 'Ella Celindro', '$2y$10$gHrsrAPNoM6dVY019myP9e7vX5U18ui46qvPCYlyrcmOR1jGSDM/W', 0, 0, 0, '2024-02-07 22:22:14', '2024-02-25'),
(116, 100249, 14, 'RJ Fajardo', '09224343511', 'RJFajardo@gmail.com', '$2y$10$gHrsrAPNoM6dVY019myP9e7vX5U18ui46qvPCYlyrcmOR1jGSDM/W', 1, 1, 0, '2024-02-07 22:22:14', '2024-02-25'),
(117, 100250, 14, 'Romeo Burao', '09777132321', 'RomeoBurao@gmail.com', '$2y$10$gHrsrAPNoM6dVY019myP9e7vX5U18ui46qvPCYlyrcmOR1jGSDM/W', 0, 0, 0, '2024-02-07 22:22:14', '2024-02-25'),
(118, 100251, 14, 'Rotex Balbino', '09553293829', 'RotexBalbino@gmail.com', '$2y$10$gHrsrAPNoM6dVY019myP9e7vX5U18ui46qvPCYlyrcmOR1jGSDM/W', 0, 0, 0, '2024-02-07 22:22:14', '2024-02-25'),
(119, 100252, 15, 'Erma Libiano', '09099786765', 'ErmaLibiano@gmail.com', '$2y$10$gHrsrAPNoM6dVY019myP9e7vX5U18ui46qvPCYlyrcmOR1jGSDM/W', 1, 1, 0, '2024-02-07 22:22:14', '2024-02-25'),
(120, 100253, 15, 'Virginia Andon', '09940043873', 'VirginiaAndon@gmail.com', '$2y$10$gHrsrAPNoM6dVY019myP9e7vX5U18ui46qvPCYlyrcmOR1jGSDM/W', 0, 1, 0, '2024-02-07 22:22:14', '2024-02-25'),
(121, 100254, 15, 'Neifor Alegre', '09376267323', 'NeiforAlegre@gmail.com', '$2y$10$gHrsrAPNoM6dVY019myP9e7vX5U18ui46qvPCYlyrcmOR1jGSDM/W', 0, 1, 0, '2024-02-07 22:22:14', '2024-02-25'),
(122, 100255, 16, 'Rona Hatian', '09302839231', 'RonaHatian@gmail.com', '$2y$10$gHrsrAPNoM6dVY019myP9e7vX5U18ui46qvPCYlyrcmOR1jGSDM/W', 1, 1, 0, '2024-02-07 22:22:14', '2024-02-25'),
(123, 100256, 16, 'Juanita Quilla', '09847236747', 'JuanitaQuilla@gmail.com', '$2y$10$gHrsrAPNoM6dVY019myP9e7vX5U18ui46qvPCYlyrcmOR1jGSDM/W', 0, 0, 0, '2024-02-07 22:22:14', '2024-02-25'),
(124, 100257, 16, 'Wilmes Armada', '09932838728', 'WilmesArmada@gmail.com', '$2y$10$gHrsrAPNoM6dVY019myP9e7vX5U18ui46qvPCYlyrcmOR1jGSDM/W', 0, 0, 0, '2024-02-07 22:22:14', '2024-02-25'),
(125, 100258, 17, 'Dennis Quanzon', '09993287323', 'DennisQuanzon@gmail.com', '$2y$10$gHrsrAPNoM6dVY019myP9e7vX5U18ui46qvPCYlyrcmOR1jGSDM/W', 1, 1, 0, '2024-02-07 22:22:14', '2024-02-25'),
(126, 100259, 17, 'Rosinda Quales', '09300493084', 'RosindaQuales@gmail.com', '$2y$10$gHrsrAPNoM6dVY019myP9e7vX5U18ui46qvPCYlyrcmOR1jGSDM/W', 0, 0, 0, '2024-02-07 22:22:14', '2024-02-25'),
(127, 100260, 17, 'Vergenia Armada', '09743045349', 'VergeniaArmada@gmail.com', '$2y$10$gHrsrAPNoM6dVY019myP9e7vX5U18ui46qvPCYlyrcmOR1jGSDM/W', 0, 0, 0, '2024-02-07 22:22:14', '2024-02-25'),
(128, 100261, 18, 'JP Malutao', '09032839238', 'JPMalutao@gmail.com', '$2y$10$gHrsrAPNoM6dVY019myP9e7vX5U18ui46qvPCYlyrcmOR1jGSDM/W', 1, 1, 0, '2024-02-07 22:22:14', '2024-02-25'),
(129, 100262, 18, 'Joy Ann Mata', '09773293829', 'JoyAnnMata@gmail.com', '$2y$10$gHrsrAPNoM6dVY019myP9e7vX5U18ui46qvPCYlyrcmOR1jGSDM/W', 0, 0, 0, '2024-02-07 22:22:14', '2024-02-25'),
(130, 100263, 18, 'Liezel Lordas', '09929389238', 'LiezelLordas@gmail.com', '$2y$10$gHrsrAPNoM6dVY019myP9e7vX5U18ui46qvPCYlyrcmOR1jGSDM/W', 0, 0, 0, '2024-02-07 22:22:14', '2024-02-25'),
(131, 100264, 19, 'Fria Sotomel', '09647364731', 'FriaSotomel@gmail.com', '$2y$10$gHrsrAPNoM6dVY019myP9e7vX5U18ui46qvPCYlyrcmOR1jGSDM/W', 1, 1, 0, '2024-02-07 22:22:14', '2024-02-25'),
(132, 100265, 19, 'Maro Win', '09667364623', 'MaroWin@gmail.com', '$2y$10$gHrsrAPNoM6dVY019myP9e7vX5U18ui46qvPCYlyrcmOR1jGSDM/W', 0, 0, 0, '2024-02-07 22:22:14', '2024-02-25'),
(133, 100266, 19, 'Arlie Orrica', '09883283982', 'ArlieOrrica@gmail.com', '$2y$10$gHrsrAPNoM6dVY019myP9e7vX5U18ui46qvPCYlyrcmOR1jGSDM/W', 0, 0, 0, '2024-02-07 22:22:14', '2024-02-25'),
(134, 100267, 20, 'Alvin Male', '09553283798', 'AlvinMale@gmail.com', '$2y$10$gHrsrAPNoM6dVY019myP9e7vX5U18ui46qvPCYlyrcmOR1jGSDM/W', 1, 1, 0, '2024-02-07 22:22:14', '2024-02-25'),
(135, 100268, 20, 'Vicente Espejo', '09553286382', 'VicenteEspejo@gmail.com', '$2y$10$gHrsrAPNoM6dVY019myP9e7vX5U18ui46qvPCYlyrcmOR1jGSDM/W', 0, 0, 0, '2024-02-07 22:22:14', '2024-02-25'),
(136, 100269, 20, 'Salvador Solon ', '09663273826', 'SalvadorSolon@gmail.com', '$2y$10$gHrsrAPNoM6dVY019myP9e7vX5U18ui46qvPCYlyrcmOR1jGSDM/W', 0, 0, 0, '2024-02-07 22:22:14', '2024-02-25'),
(137, 100270, 21, 'Ivan Farol', '09332873283', 'IvanFarol@gmail.com', '$2y$10$gHrsrAPNoM6dVY019myP9e7vX5U18ui46qvPCYlyrcmOR1jGSDM/W', 1, 1, 0, '2024-02-07 22:22:14', '2024-02-25'),
(138, 100271, 21, 'Rengie Cajo', '09112832932', 'RengieCajo@gmail.com', '$2y$10$gHrsrAPNoM6dVY019myP9e7vX5U18ui46qvPCYlyrcmOR1jGSDM/W', 0, 0, 0, '2024-02-07 22:22:14', '2024-02-25'),
(139, 100272, 21, 'Perla Credo', '09441837827', 'PerlaCredo@gmail.com', '$2y$10$gHrsrAPNoM6dVY019myP9e7vX5U18ui46qvPCYlyrcmOR1jGSDM/W', 0, 0, 0, '2024-02-07 22:22:14', '2024-02-25'),
(140, 100273, 22, 'Celso Quilarto', '09998732732', 'CelsoQuilarto@gmail.com', '$2y$10$gHrsrAPNoM6dVY019myP9e7vX5U18ui46qvPCYlyrcmOR1jGSDM/W', 1, 1, 0, '2024-02-07 22:22:14', '2024-02-25'),
(141, 100274, 22, 'Arlene Latova', '09779390032', 'ArleneLatova@gmail.com', '$2y$10$gHrsrAPNoM6dVY019myP9e7vX5U18ui46qvPCYlyrcmOR1jGSDM/W', 0, 0, 0, '2024-02-07 22:22:14', '2024-02-25'),
(142, 100275, 22, 'Adela Cartoja', '09119823283', 'AdelaCartoja@gmail.com', '$2y$10$gHrsrAPNoM6dVY019myP9e7vX5U18ui46qvPCYlyrcmOR1jGSDM/W', 0, 0, 0, '2024-02-07 22:22:14', '2024-02-25'),
(143, 100276, 23, 'Julia Galindo', '09673726372', 'JuliaGalindo@gmail.com', '$2y$10$gHrsrAPNoM6dVY019myP9e7vX5U18ui46qvPCYlyrcmOR1jGSDM/W', 1, 1, 0, '2024-02-07 22:22:14', '2024-02-25'),
(144, 100277, 23, 'John Ray Sansaet', '09666565453', 'JohnRaySansaet@gmail.com', '$2y$10$gHrsrAPNoM6dVY019myP9e7vX5U18ui46qvPCYlyrcmOR1jGSDM/W', 0, 0, 0, '2024-02-07 22:22:14', '2024-02-25'),
(145, 100278, 23, 'Newen Cartuja', '09569398294', 'NewenCartuja@gmail.com', '$2y$10$gHrsrAPNoM6dVY019myP9e7vX5U18ui46qvPCYlyrcmOR1jGSDM/W', 0, 0, 0, '2024-02-07 22:22:14', '2024-02-25'),
(146, 100279, 24, 'Liena Robles', '09983273002', 'LienaRobles@gmail.com', '$2y$10$gHrsrAPNoM6dVY019myP9e7vX5U18ui46qvPCYlyrcmOR1jGSDM/W', 1, 1, 0, '2024-02-07 22:22:14', '2024-02-25'),
(147, 100280, 24, 'Robert Lavarro', '09553726382', 'RobertLavarro@gmail.com', '$2y$10$gHrsrAPNoM6dVY019myP9e7vX5U18ui46qvPCYlyrcmOR1jGSDM/W', 0, 0, 0, '2024-02-07 22:22:14', '2024-02-25'),
(148, 100281, 24, 'Reynaldo Gambalan', '09113439434', 'ReynaldoGambalan@gmail.com', '$2y$10$gHrsrAPNoM6dVY019myP9e7vX5U18ui46qvPCYlyrcmOR1jGSDM/W', 0, 0, 0, '2024-02-07 22:22:14', '2024-02-25'),
(149, 100282, 25, 'Mamerto Roncal', '09773928492', 'MamertoRoncal@gmail.com', '$2y$10$gHrsrAPNoM6dVY019myP9e7vX5U18ui46qvPCYlyrcmOR1jGSDM/W', 1, 1, 0, '2024-02-07 22:22:14', '2024-02-25'),
(150, 100283, 25, 'Ireneo Soupani', '09774364736', 'IreneoSoupani@gmail.com', '$2y$10$gHrsrAPNoM6dVY019myP9e7vX5U18ui46qvPCYlyrcmOR1jGSDM/W', 0, 0, 0, '2024-02-07 22:22:14', '2024-02-25'),
(151, 100284, 25, 'Romnick Hualde', '09382732829', 'RomnickHualde@gmail.com', '$2y$10$gHrsrAPNoM6dVY019myP9e7vX5U18ui46qvPCYlyrcmOR1jGSDM/W', 0, 0, 0, '2024-02-07 22:22:14', '2024-02-25'),
(152, 100285, 26, 'Rosalinda Quales', '09999372874', 'RosalindaQuales@gmail.com', '$2y$10$gHrsrAPNoM6dVY019myP9e7vX5U18ui46qvPCYlyrcmOR1jGSDM/W', 1, 1, 0, '2024-02-07 22:22:14', '2024-02-25'),
(153, 100286, 26, 'Arnold Miro', '09888239203', 'ArnoldMiro@gmail.com', '$2y$10$gHrsrAPNoM6dVY019myP9e7vX5U18ui46qvPCYlyrcmOR1jGSDM/W', 0, 0, 0, '2024-02-07 22:22:14', '2024-02-25'),
(154, 100287, 26, 'Daniel Daquipel', '09993287382', 'DanielDaquipel@gmail.com', '$2y$10$gHrsrAPNoM6dVY019myP9e7vX5U18ui46qvPCYlyrcmOR1jGSDM/W', 0, 0, 0, '2024-02-07 22:22:14', '2024-02-25'),
(155, 100288, 27, 'Elsie Berbegal', '09783238273', 'ElsieBerbegal@gmail.com', '$2y$10$gHrsrAPNoM6dVY019myP9e7vX5U18ui46qvPCYlyrcmOR1jGSDM/W', 1, 1, 0, '2024-02-07 22:22:14', '2024-02-25'),
(156, 100289, 27, 'Ebeth Garcia', '09332736772', 'EbethGarcia@gmail.com', '$2y$10$gHrsrAPNoM6dVY019myP9e7vX5U18ui46qvPCYlyrcmOR1jGSDM/W', 0, 0, 0, '2024-02-07 22:22:14', '2024-02-25'),
(157, 100290, 27, 'Remie Suarez', '09634423211', 'RemieSuarez@gmail.com', '$2y$10$gHrsrAPNoM6dVY019myP9e7vX5U18ui46qvPCYlyrcmOR1jGSDM/W', 0, 0, 0, '2024-02-07 22:22:14', '2024-02-25'),
(158, 100291, 28, 'Rosalita Fortosa', '09887765655', 'RosalitaFortosa@gmail.com', '$2y$10$gHrsrAPNoM6dVY019myP9e7vX5U18ui46qvPCYlyrcmOR1jGSDM/W', 0, 0, 0, '2024-02-07 22:22:14', '2024-02-25'),
(159, 100292, 28, 'Abegail Marte', '09777676994', 'AbegailMarte@gmail.com', '$2y$10$gHrsrAPNoM6dVY019myP9e7vX5U18ui46qvPCYlyrcmOR1jGSDM/W', 0, 0, 0, '2024-02-07 22:22:14', '2024-02-25'),
(160, 100293, 28, 'Abdon Casalamor', '09999787578', 'Abdon Casalamor', '$2y$10$gHrsrAPNoM6dVY019myP9e7vX5U18ui46qvPCYlyrcmOR1jGSDM/W', 0, 0, 0, '2024-02-07 22:22:14', '2024-02-25'),
(161, 100294, 29, 'Rey Jurto', '09111455778', 'ReyJurto@gmail.com', '$2y$10$gHrsrAPNoM6dVY019myP9e7vX5U18ui46qvPCYlyrcmOR1jGSDM/W', 1, 1, 0, '2024-02-07 22:22:14', '2024-02-25'),
(162, 100295, 29, 'Roger Villas', '09550067657', 'RogerVillas@gmail.com', '$2y$10$gHrsrAPNoM6dVY019myP9e7vX5U18ui46qvPCYlyrcmOR1jGSDM/W', 0, 0, 0, '2024-02-07 22:22:14', '2024-02-25'),
(163, 100296, 29, 'Gerlyn Vigil', '09766454543', 'GerlynVigil@gmail.com', '$2y$10$gHrsrAPNoM6dVY019myP9e7vX5U18ui46qvPCYlyrcmOR1jGSDM/W', 0, 0, 0, '2024-02-07 22:22:14', '2024-02-25'),
(164, 100297, 30, 'Mario Salledo', '09779787564', 'MarioSalledo@gmail.com', '$2y$10$gHrsrAPNoM6dVY019myP9e7vX5U18ui46qvPCYlyrcmOR1jGSDM/W', 1, 1, 0, '2024-02-07 22:22:14', '2024-02-25'),
(165, 100298, 30, 'Aaron Dominguez', '09986769656', 'AaronDominguez@gmail.com', '$2y$10$gHrsrAPNoM6dVY019myP9e7vX5U18ui46qvPCYlyrcmOR1jGSDM/W', 0, 0, 0, '2024-02-07 22:22:14', '2024-02-25'),
(166, 100299, 30, 'Eliseo Danosos', '09886098765', 'EliseoDanosos@gmail.com', '$2y$10$gHrsrAPNoM6dVY019myP9e7vX5U18ui46qvPCYlyrcmOR1jGSDM/W', 0, 0, 0, '2024-02-07 22:22:14', '2024-02-25'),
(167, 100300, 31, 'Jimmy Crucero', '09876543243', 'Jimmy Crucero', '$2y$10$gHrsrAPNoM6dVY019myP9e7vX5U18ui46qvPCYlyrcmOR1jGSDM/W', 1, 1, 0, '2024-02-07 22:22:14', '2024-02-25'),
(168, 100301, 31, 'Joren Sumagaysay', '09356890876', 'JorenSumagaysay@gmail.com', '$2y$10$gHrsrAPNoM6dVY019myP9e7vX5U18ui46qvPCYlyrcmOR1jGSDM/W', 0, 0, 0, '2024-02-07 22:22:14', '2024-02-25'),
(169, 100302, 31, 'Gerardo Afable', '09234567091', 'GerardoAfable@gmail.com', '$2y$10$gHrsrAPNoM6dVY019myP9e7vX5U18ui46qvPCYlyrcmOR1jGSDM/W', 0, 0, 0, '2024-02-07 22:22:14', '2024-02-25'),
(170, 100303, 32, 'Melani Alellago', '09876754223', 'MelaniAlellago@gmail.com', '$2y$10$gHrsrAPNoM6dVY019myP9e7vX5U18ui46qvPCYlyrcmOR1jGSDM/W', 1, 1, 0, '2024-02-07 22:22:14', '2024-02-25'),
(171, 100304, 32, 'Jenny Rose Suelan', '09123456998', 'JennyRoseSuelan@gmail.com', '$2y$10$gHrsrAPNoM6dVY019myP9e7vX5U18ui46qvPCYlyrcmOR1jGSDM/W', 0, 0, 0, '2024-02-07 22:22:14', '2024-02-25'),
(172, 100305, 32, 'Nished Niembra', '09535456789', 'NishedNiembra@gmail.com', '$2y$10$gHrsrAPNoM6dVY019myP9e7vX5U18ui46qvPCYlyrcmOR1jGSDM/W', 0, 0, 0, '2024-02-07 22:22:14', '2024-02-25'),
(173, 100306, 33, 'Cresenciano Cata', '09434774349', 'CresencianoCata@gmail.com', '$2y$10$gHrsrAPNoM6dVY019myP9e7vX5U18ui46qvPCYlyrcmOR1jGSDM/W', 1, 1, 0, '2024-02-07 22:22:14', '2024-02-25'),
(174, 100307, 33, 'Freddie Quilarto', '09312345756', 'FreddieQuilarto@gmail.com', '$2y$10$gHrsrAPNoM6dVY019myP9e7vX5U18ui46qvPCYlyrcmOR1jGSDM/W', 0, 0, 0, '2024-02-07 22:22:14', '2024-02-25'),
(175, 100308, 33, 'Ray Guycoa', '09323254323', 'RayGuycoa@gmail.com', '$2y$10$gHrsrAPNoM6dVY019myP9e7vX5U18ui46qvPCYlyrcmOR1jGSDM/W', 0, 0, 0, '2024-02-07 22:22:14', '2024-02-25'),
(176, 100309, 34, 'Gloria Tuares', '09208392392', 'GloriaTuares@gmail.com', '$2y$10$gHrsrAPNoM6dVY019myP9e7vX5U18ui46qvPCYlyrcmOR1jGSDM/W', 1, 1, 0, '2024-02-07 22:22:14', '2024-02-25'),
(177, 100310, 34, 'Noel Llado ', '09863289038', 'NoelLlado@gmail.com', '$2y$10$gHrsrAPNoM6dVY019myP9e7vX5U18ui46qvPCYlyrcmOR1jGSDM/W', 0, 0, 0, '2024-02-07 22:22:14', '2024-02-25'),
(178, 100311, 34, 'Reynold Artieda ', '09320838648', 'ReynoldArtieda@gmail.com', '$2y$10$gHrsrAPNoM6dVY019myP9e7vX5U18ui46qvPCYlyrcmOR1jGSDM/W', 0, 0, 0, '2024-02-07 22:22:14', '2024-02-25'),
(179, 100312, 35, 'Ariel Artieda', '09323829382', 'ArielArtieda@gmail.com', '$2y$10$gHrsrAPNoM6dVY019myP9e7vX5U18ui46qvPCYlyrcmOR1jGSDM/W', 1, 1, 0, '2024-02-07 22:22:14', '2024-02-25'),
(180, 100313, 35, 'Renelyn Bibanco', '09082372949', 'RenelynBibanco@gmail.com', '$2y$10$gHrsrAPNoM6dVY019myP9e7vX5U18ui46qvPCYlyrcmOR1jGSDM/W', 0, 0, 0, '2024-02-07 22:22:14', '2024-02-25'),
(181, 100314, 35, 'Alma Colonia', '09867545343', 'AlmaColonia@gmail.com', '$2y$10$gHrsrAPNoM6dVY019myP9e7vX5U18ui46qvPCYlyrcmOR1jGSDM/W', 0, 0, 0, '2024-02-07 22:22:14', '2024-02-25'),
(182, 100315, 36, 'Virgie Barillo', '09239786276', 'VirgieBarillo@gmail.com', '$2y$10$gHrsrAPNoM6dVY019myP9e7vX5U18ui46qvPCYlyrcmOR1jGSDM/W', 1, 1, 0, '2024-02-07 22:22:14', '2024-02-25'),
(183, 100316, 36, 'Sheryl Pacardo', '09243546570', 'SherylPacardo@gmail.com', '$2y$10$gHrsrAPNoM6dVY019myP9e7vX5U18ui46qvPCYlyrcmOR1jGSDM/W', 0, 0, 0, '2024-02-07 22:22:14', '2024-02-25'),
(184, 100317, 36, 'Elvie Caluvia', '09899842188', 'ElvieCaluvia@gmail.com', '$2y$10$gHrsrAPNoM6dVY019myP9e7vX5U18ui46qvPCYlyrcmOR1jGSDM/W', 0, 0, 0, '2024-02-07 22:22:14', '2024-02-25'),
(185, 100318, 37, 'Andrew Caluvia', '09492478273', 'AndrewCaluvia@gmail.com', '$2y$10$gHrsrAPNoM6dVY019myP9e7vX5U18ui46qvPCYlyrcmOR1jGSDM/W', 1, 1, 0, '2024-02-07 22:22:14', '2024-02-25'),
(186, 100319, 37, 'Khennard Selauso', '09096575646', 'KhennardSelauso@gmail.com', '$2y$10$gHrsrAPNoM6dVY019myP9e7vX5U18ui46qvPCYlyrcmOR1jGSDM/W', 0, 0, 0, '2024-02-07 22:22:14', '2024-02-25'),
(187, 100320, 37, 'Rogelio Gitado', '09843365787', 'RogelioGitado@gmail.com', '$2y$10$gHrsrAPNoM6dVY019myP9e7vX5U18ui46qvPCYlyrcmOR1jGSDM/W', 0, 0, 0, '2024-02-07 22:22:14', '2024-02-25'),
(188, 100321, 38, 'Salvacion Galindo', '09986454345', 'SalvacionGalindo@gmail.com', '$2y$10$gHrsrAPNoM6dVY019myP9e7vX5U18ui46qvPCYlyrcmOR1jGSDM/W', 1, 1, 0, '2024-02-07 22:22:14', '2024-02-25'),
(189, 100322, 38, 'Carmditta Caballero', '09554433212', 'CarmdittaCaballero@gmail.com', '$2y$10$gHrsrAPNoM6dVY019myP9e7vX5U18ui46qvPCYlyrcmOR1jGSDM/W', 0, 0, 0, '2024-02-07 22:22:14', '2024-02-25'),
(190, 100323, 38, 'Inocencio Ramos Jr.', '09392832837', 'InocencioRamosJr.@gmail.com', '$2y$10$gHrsrAPNoM6dVY019myP9e7vX5U18ui46qvPCYlyrcmOR1jGSDM/W', 0, 0, 0, '2024-02-07 22:22:14', '2024-02-25'),
(191, 100324, 39, 'Reyza Joy Talamor', '09937283672', 'ReyzaJoyTalamor@gmail.com', '$2y$10$gHrsrAPNoM6dVY019myP9e7vX5U18ui46qvPCYlyrcmOR1jGSDM/W', 1, 1, 0, '2024-02-07 22:22:14', '2024-02-25'),
(192, 100325, 40, 'Marites Andon', '09429092820', 'MaritesAndon@gmail.com', '$2y$10$gHrsrAPNoM6dVY019myP9e7vX5U18ui46qvPCYlyrcmOR1jGSDM/W', 1, 1, 0, '2024-02-07 22:22:14', '2024-02-25'),
(193, 100326, 40, 'Alexis Secusana', '09302392823', 'AlexisSecusana@gmail.com', '$2y$10$gHrsrAPNoM6dVY019myP9e7vX5U18ui46qvPCYlyrcmOR1jGSDM/W', 0, 0, 0, '2024-02-07 22:22:14', '2024-02-25'),
(194, 100327, 40, 'Clarence Paul Tiron', '09032839283', 'ClarencePaulTiron@gmail.com', '$2y$10$gHrsrAPNoM6dVY019myP9e7vX5U18ui46qvPCYlyrcmOR1jGSDM/W', 0, 0, 0, '2024-02-07 22:22:14', '2024-02-25'),
(195, 100328, 41, 'Franklin Linacero', '09323928832', 'FranklinLinacero@gmail.com', '$2y$10$gHrsrAPNoM6dVY019myP9e7vX5U18ui46qvPCYlyrcmOR1jGSDM/W', 1, 1, 0, '2024-02-07 22:22:14', '2024-02-25'),
(196, 100329, 41, 'Ronald Praire', '09031302343', 'RonaldPraire@gmail.com', '$2y$10$gHrsrAPNoM6dVY019myP9e7vX5U18ui46qvPCYlyrcmOR1jGSDM/W', 0, 0, 0, '2024-02-07 22:22:14', '2024-02-25'),
(197, 100330, 41, 'Angel Claveria', '09937827382', 'AngelClaveria@gmail.com', '$2y$10$gHrsrAPNoM6dVY019myP9e7vX5U18ui46qvPCYlyrcmOR1jGSDM/W', 0, 0, 0, '2024-02-07 22:22:14', '2024-02-25'),
(198, 100331, 42, 'Bebiana Berbegal', '09127382732', 'BebianaBerbegal@gmail.com', '$2y$10$gHrsrAPNoM6dVY019myP9e7vX5U18ui46qvPCYlyrcmOR1jGSDM/W', 1, 1, 0, '2024-02-07 22:22:14', '2024-02-25'),
(199, 100332, 42, 'Virginia Mineza', '09392973823', 'VirginiaMineza@gmail.com', '$2y$10$gHrsrAPNoM6dVY019myP9e7vX5U18ui46qvPCYlyrcmOR1jGSDM/W', 0, 0, 0, '2024-02-07 22:22:14', '2024-02-25'),
(200, 100333, 42, 'Trexie Mahinay', '09972376276', 'TrexieMahinay@gmail.com', '$2y$10$gHrsrAPNoM6dVY019myP9e7vX5U18ui46qvPCYlyrcmOR1jGSDM/W', 0, 0, 0, '2024-02-07 22:22:14', '2024-02-25'),
(201, 100334, 44, 'Andrian Berbegal', '09123244453', 'AndrianBerbegal@gmail.com', '$2y$10$gHrsrAPNoM6dVY019myP9e7vX5U18ui46qvPCYlyrcmOR1jGSDM/W', 1, 1, 0, '2024-02-07 22:22:14', '2024-02-25'),
(202, 100335, 44, 'Chona Chichirita', '09978675623', 'ChonaChichirita@gmail.com', '$2y$10$gHrsrAPNoM6dVY019myP9e7vX5U18ui46qvPCYlyrcmOR1jGSDM/W', 0, 0, 0, '2024-02-07 22:22:14', '2024-02-25'),
(203, 100336, 44, 'Ricardo Cartoja', '09099283090', 'RicardoCartoja@gmail.com', '$2y$10$gHrsrAPNoM6dVY019myP9e7vX5U18ui46qvPCYlyrcmOR1jGSDM/W', 0, 0, 0, '2024-02-07 22:22:14', '2024-02-25'),
(204, 100337, 45, 'Cheryl Petros', '09329732672', 'CherylPetros@gmail.com', '$2y$10$gHrsrAPNoM6dVY019myP9e7vX5U18ui46qvPCYlyrcmOR1jGSDM/W', 1, 1, 0, '2024-02-07 22:22:14', '2024-02-25'),
(205, 100338, 45, 'Gabriel Laurente', '09232838734', 'GabrielLaurente@gmail.com', '$2y$10$gHrsrAPNoM6dVY019myP9e7vX5U18ui46qvPCYlyrcmOR1jGSDM/W', 0, 0, 0, '2024-02-07 22:22:14', '2024-02-25'),
(206, 100339, 45, 'Christy Reyes', '09983434676', 'ChristyReyes@gmail.com', '$2y$10$gHrsrAPNoM6dVY019myP9e7vX5U18ui46qvPCYlyrcmOR1jGSDM/W', 0, 0, 0, '2024-02-07 22:22:14', '2024-02-25'),
(207, 100340, 46, 'Juana Burao', '0930263762', 'JuanaBurao@gmail.com', '$2y$10$gHrsrAPNoM6dVY019myP9e7vX5U18ui46qvPCYlyrcmOR1jGSDM/W', 1, 1, 0, '2024-02-07 22:22:14', '2024-02-25'),
(208, 100341, 46, 'Asuncion Comodero', '09097645434', 'AsuncionComodero@gmail.com', '$2y$10$gHrsrAPNoM6dVY019myP9e7vX5U18ui46qvPCYlyrcmOR1jGSDM/W', 0, 0, 0, '2024-02-07 22:22:14', '2024-02-25'),
(209, 100342, 46, 'Marvin Trabado', '09090098732', 'MarvinTrabado@gmail.com', '$2y$10$gHrsrAPNoM6dVY019myP9e7vX5U18ui46qvPCYlyrcmOR1jGSDM/W', 0, 0, 0, '2024-02-07 22:22:14', '2024-02-25'),
(210, 100343, 47, 'Julian Sitton', '09654659809', 'JulianSitton@gmail.com', '$2y$10$gHrsrAPNoM6dVY019myP9e7vX5U18ui46qvPCYlyrcmOR1jGSDM/W', 1, 1, 0, '2024-02-07 22:22:14', '2024-02-25'),
(211, 100344, 47, 'Rene Teron', '09239273823', 'ReneTeron@gmail.com', '$2y$10$gHrsrAPNoM6dVY019myP9e7vX5U18ui46qvPCYlyrcmOR1jGSDM/W', 0, 0, 0, '2024-02-07 22:22:14', '2024-02-25'),
(212, 100345, 47, 'Elius Ventosa', '09563265327', 'EliusVentosa@gmail.com', '$2y$10$gHrsrAPNoM6dVY019myP9e7vX5U18ui46qvPCYlyrcmOR1jGSDM/W', 0, 0, 0, '2024-02-07 22:22:14', '2024-02-25'),
(213, 100346, 48, 'Salvador Tiron', '09096565911', 'SalvadorTiron@gmail.com', '$2y$10$gHrsrAPNoM6dVY019myP9e7vX5U18ui46qvPCYlyrcmOR1jGSDM/W', 1, 1, 0, '2024-02-07 22:22:14', '2024-02-25'),
(214, 100347, 48, 'Nina Tiron', '09324312121', 'NinaTiron@gmail.com', '$2y$10$gHrsrAPNoM6dVY019myP9e7vX5U18ui46qvPCYlyrcmOR1jGSDM/W', 0, 0, 0, '2024-02-07 22:22:14', '2024-02-25'),
(215, 100348, 48, 'Guiar Aguiro', '09303030900', 'GuiarAguiro@gmail.com', '$2y$10$gHrsrAPNoM6dVY019myP9e7vX5U18ui46qvPCYlyrcmOR1jGSDM/W', 0, 0, 0, '2024-02-07 22:22:14', '2024-02-25'),
(216, 100349, 49, 'Rene Tiron', '09909977653', 'ReneTiron@gmail.com', '$2y$10$gHrsrAPNoM6dVY019myP9e7vX5U18ui46qvPCYlyrcmOR1jGSDM/W', 1, 1, 0, '2024-02-07 22:22:14', '2024-02-25'),
(217, 100350, 49, 'Rhosie Clarito', '09283200434', 'RhosieClarito@gmail.com', '$2y$10$gHrsrAPNoM6dVY019myP9e7vX5U18ui46qvPCYlyrcmOR1jGSDM/W', 0, 0, 0, '2024-02-07 22:22:14', '2024-02-25'),
(218, 100351, 49, 'Ronie Billones', '09343987327', 'RonieBillones@gmail.com', '$2y$10$gHrsrAPNoM6dVY019myP9e7vX5U18ui46qvPCYlyrcmOR1jGSDM/W', 0, 0, 0, '2024-02-07 22:22:14', '2024-02-25'),
(219, 100352, 50, 'Nonito Beleja', '09536789023', 'NonitoBeleja@gmail.com', '$2y$10$gHrsrAPNoM6dVY019myP9e7vX5U18ui46qvPCYlyrcmOR1jGSDM/W', 1, 1, 0, '2024-02-07 22:22:14', '2024-02-25'),
(220, 100353, 50, 'Lito Farol', '09874873810', 'LitoFarol@gmail.com', '$2y$10$gHrsrAPNoM6dVY019myP9e7vX5U18ui46qvPCYlyrcmOR1jGSDM/W', 0, 0, 0, '2024-02-07 22:22:14', '2024-02-25'),
(221, 100354, 50, 'Noel Villanueva', '09655335678', 'NoelVillanueva@gmail.com', '$2y$10$gHrsrAPNoM6dVY019myP9e7vX5U18ui46qvPCYlyrcmOR1jGSDM/W', 0, 0, 0, '2024-02-07 22:22:14', '2024-02-25'),
(222, 100355, 51, 'Beltran Moscardon', '09876980900', 'BeltranMoscardon@gmail.com', '$2y$10$gHrsrAPNoM6dVY019myP9e7vX5U18ui46qvPCYlyrcmOR1jGSDM/W', 1, 1, 0, '2024-02-07 22:22:14', '2024-02-25'),
(223, 100356, 51, 'Mika Guijarno', '09456789288', 'MikaGuijarno@gmail.com', '$2y$10$gHrsrAPNoM6dVY019myP9e7vX5U18ui46qvPCYlyrcmOR1jGSDM/W', 0, 0, 0, '2024-02-07 22:22:14', '2024-02-25'),
(224, 100357, 51, 'Epi Talamor', '09560543243', 'EpiTalamor@gmail.com', '$2y$10$gHrsrAPNoM6dVY019myP9e7vX5U18ui46qvPCYlyrcmOR1jGSDM/W', 0, 0, 0, '2024-02-07 22:22:14', '2024-02-25'),
(225, 100358, 52, 'Rhea Tremucha', '09876543454', 'RheaTremucha@gmail.com', '$2y$10$gHrsrAPNoM6dVY019myP9e7vX5U18ui46qvPCYlyrcmOR1jGSDM/W', 1, 1, 0, '2024-02-07 22:22:14', '2024-02-25'),
(226, 100359, 52, 'Jose Alcayaga Jr.', '09897654657', 'JoseAlcayagaJr.@sgmail.com', '$2y$10$gHrsrAPNoM6dVY019myP9e7vX5U18ui46qvPCYlyrcmOR1jGSDM/W', 0, 0, 0, '2024-02-07 22:22:14', '2024-02-25'),
(227, 100360, 52, 'Gerald Vuelga', '09302983971', 'GeraldVuelga@gmail.com', '$2y$10$gHrsrAPNoM6dVY019myP9e7vX5U18ui46qvPCYlyrcmOR1jGSDM/W', 0, 0, 0, '2024-02-07 22:22:14', '2024-02-25'),
(228, 100361, 53, 'Marlene Choresca', '09354567689', 'MarleneChoresca@gmail.com', '$2y$10$gHrsrAPNoM6dVY019myP9e7vX5U18ui46qvPCYlyrcmOR1jGSDM/W', 1, 1, 0, '2024-02-07 22:22:14', '2024-02-25'),
(229, 100362, 53, 'Michael Huesca', '09943567878', 'MichaelHuesca@gmail.com', '$2y$10$gHrsrAPNoM6dVY019myP9e7vX5U18ui46qvPCYlyrcmOR1jGSDM/W', 0, 0, 0, '2024-02-07 22:22:14', '2024-02-25'),
(230, 100363, 53, 'Christian Mayoga', '09892435678', 'ChristianMayoga@gmail.com', '$2y$10$gHrsrAPNoM6dVY019myP9e7vX5U18ui46qvPCYlyrcmOR1jGSDM/W', 0, 0, 0, '2024-02-07 22:22:14', '2024-02-25'),
(231, 100364, 54, 'Joebert Celendro', '0923456789', 'JoebertCelendro@gmail.com', '$2y$10$gHrsrAPNoM6dVY019myP9e7vX5U18ui46qvPCYlyrcmOR1jGSDM/W', 1, 1, 0, '2024-02-07 22:22:14', '2024-02-25'),
(232, 100365, 54, 'Romeo Bolanos', '09465789008', 'RomeoBolanos@gmail.com', '$2y$10$gHrsrAPNoM6dVY019myP9e7vX5U18ui46qvPCYlyrcmOR1jGSDM/W', 0, 0, 0, '2024-02-07 22:22:14', '2024-02-25'),
(233, 100366, 54, 'Hannah Albarina', '09556789087', 'HannahAlbarina@gmail.com', '$2y$10$gHrsrAPNoM6dVY019myP9e7vX5U18ui46qvPCYlyrcmOR1jGSDM/W', 0, 0, 0, '2024-02-07 22:22:14', '2024-02-25'),
(234, 100367, 55, 'Elizalde Pueyo', '09812345678', 'ElizaldePueyo@gmail.com', '$2y$10$gHrsrAPNoM6dVY019myP9e7vX5U18ui46qvPCYlyrcmOR1jGSDM/W', 1, 1, 0, '2024-02-07 22:22:14', '2024-02-25'),
(235, 100368, 55, 'Imee Amoroso', '09788765456', 'ImeeAmoroso@gmail.com', '$2y$10$gHrsrAPNoM6dVY019myP9e7vX5U18ui46qvPCYlyrcmOR1jGSDM/W', 0, 0, 0, '2024-02-07 22:22:14', '2024-02-25'),
(236, 100369, 55, 'Rolly Villeta ', '09327623262', 'RollyVilleta@gmail.com', '$2y$10$gHrsrAPNoM6dVY019myP9e7vX5U18ui46qvPCYlyrcmOR1jGSDM/W', 0, 0, 0, '2024-02-07 22:22:14', '2024-02-25'),
(237, 100370, 56, 'Roselle Leano', '09130932938', 'RoselleLeano@gmail.com', '$2y$10$gHrsrAPNoM6dVY019myP9e7vX5U18ui46qvPCYlyrcmOR1jGSDM/W', 1, 1, 0, '2024-02-07 22:22:14', '2024-02-25'),
(238, 100371, 56, 'Solen Canilla', '09878654345', 'SolenCanilla@gmail.com', '$2y$10$gHrsrAPNoM6dVY019myP9e7vX5U18ui46qvPCYlyrcmOR1jGSDM/W', 0, 0, 0, '2024-02-07 22:22:14', '2024-02-25'),
(239, 100372, 56, 'Therese Pimentel', '09876543565', 'TheresePimentel@gmail.com', '$2y$10$gHrsrAPNoM6dVY019myP9e7vX5U18ui46qvPCYlyrcmOR1jGSDM/W', 0, 0, 0, '2024-02-07 22:22:14', '2024-02-25'),
(240, 100373, 57, 'Lorna Lorca', '09876543546', 'LornaLorca@gmail.com', '$2y$10$gHrsrAPNoM6dVY019myP9e7vX5U18ui46qvPCYlyrcmOR1jGSDM/W', 1, 1, 0, '2024-02-07 22:22:14', '2024-02-25'),
(241, 100374, 57, 'Amparo Clavez', '09876765453', 'AmparoClavez@gmail.com', '$2y$10$gHrsrAPNoM6dVY019myP9e7vX5U18ui46qvPCYlyrcmOR1jGSDM/W', 0, 0, 0, '2024-02-07 22:22:14', '2024-02-25'),
(242, 100375, 57, 'Elsa Guipo', '09345673223', 'ElsaGuipo@gmail.com', '$2y$10$gHrsrAPNoM6dVY019myP9e7vX5U18ui46qvPCYlyrcmOR1jGSDM/W', 0, 0, 0, '2024-02-07 22:22:14', '2024-02-25'),
(243, 100376, 58, 'Rolando Copina', '09382782322', 'RolandoCopina@gmail.com', '$2y$10$gHrsrAPNoM6dVY019myP9e7vX5U18ui46qvPCYlyrcmOR1jGSDM/W', 1, 1, 0, '2024-02-07 22:22:14', '2024-02-25'),
(244, 100377, 58, 'Regina Falconite', '09654356578', 'ReginaFalconite@gmail.com`', '$2y$10$gHrsrAPNoM6dVY019myP9e7vX5U18ui46qvPCYlyrcmOR1jGSDM/W', 0, 0, 0, '2024-02-07 22:22:14', '2024-02-25'),
(245, 100378, 58, 'Carlito Caspe', '09300923092', 'CarlitoCaspe@gmail.com', '$2y$10$gHrsrAPNoM6dVY019myP9e7vX5U18ui46qvPCYlyrcmOR1jGSDM/W', 0, 0, 0, '2024-02-07 22:22:14', '2024-02-25'),
(246, 100379, 59, 'Romulo Pari-an', '09304304309', 'RomuloPari-an@gmail.com', '$2y$10$gHrsrAPNoM6dVY019myP9e7vX5U18ui46qvPCYlyrcmOR1jGSDM/W', 1, 1, 0, '2024-02-07 22:22:14', '2024-02-25'),
(247, 100380, 59, 'Louvenn Belenio', '09329093434', 'LouvennBelenio@gmail.com', '$2y$10$gHrsrAPNoM6dVY019myP9e7vX5U18ui46qvPCYlyrcmOR1jGSDM/W', 0, 0, 0, '2024-02-07 22:22:14', '2024-02-25'),
(248, 100381, 59, 'Jenus Berja', '09320230293', 'JenusBerja@gmail.com', '$2y$10$gHrsrAPNoM6dVY019myP9e7vX5U18ui46qvPCYlyrcmOR1jGSDM/W', 0, 0, 0, '2024-02-07 22:22:14', '2024-02-25'),
(249, 100382, 60, 'Gloria Baron', '09424893493', 'GloriaBaron@gmail.com', '$2y$10$gHrsrAPNoM6dVY019myP9e7vX5U18ui46qvPCYlyrcmOR1jGSDM/W', 1, 1, 0, '2024-02-07 22:22:14', '2024-02-25'),
(250, 100383, 60, 'James Subipeg', '09039438493', 'JamesSubipeg@gmail.com', '$2y$10$gHrsrAPNoM6dVY019myP9e7vX5U18ui46qvPCYlyrcmOR1jGSDM/W', 0, 0, 0, '2024-02-07 22:22:14', '2024-02-25'),
(251, 100384, 60, 'Rosania Fortosa', '09323411212', 'RosaniaFortosa@gmail.com', '$2y$10$gHrsrAPNoM6dVY019myP9e7vX5U18ui46qvPCYlyrcmOR1jGSDM/W', 0, 0, 0, '2024-02-07 22:22:14', '2024-02-25'),
(252, 100385, 61, 'Marc Paul Figueroa', '09387623567', 'MarcPaulFigueroa@gmail.com', '$2y$10$gHrsrAPNoM6dVY019myP9e7vX5U18ui46qvPCYlyrcmOR1jGSDM/W', 0, 0, 0, '2024-02-07 22:22:14', '2024-02-25'),
(253, 100386, 61, 'Jessa Coronado', '09675452346', 'JessaCoronado@gmail.com', '$2y$10$gHrsrAPNoM6dVY019myP9e7vX5U18ui46qvPCYlyrcmOR1jGSDM/W', 0, 0, 0, '2024-02-07 22:22:14', '2024-02-25'),
(254, 100387, 61, 'Lydia Ramos', '09382832320', 'LydiaRamos@gmail.com', '$2y$10$gHrsrAPNoM6dVY019myP9e7vX5U18ui46qvPCYlyrcmOR1jGSDM/W', 0, 0, 0, '2024-02-07 22:22:14', '2024-02-25'),
(255, 100388, 62, 'Dinnah Tobias', '09352184832', 'DinnahTobias@gmail.com', '$2y$10$gHrsrAPNoM6dVY019myP9e7vX5U18ui46qvPCYlyrcmOR1jGSDM/W', 1, 1, 0, '2024-02-07 22:22:14', '2024-02-25'),
(256, 100389, 62, 'Shayne Salarda', '09973672893', 'ShayneSalarda@gmail.com', '$2y$10$gHrsrAPNoM6dVY019myP9e7vX5U18ui46qvPCYlyrcmOR1jGSDM/W', 0, 0, 0, '2024-02-07 22:22:14', '2024-02-25'),
(257, 100390, 62, 'Rodel Ferrer', '09328372891', 'RodelFerrer@gmail.com', '$2y$10$gHrsrAPNoM6dVY019myP9e7vX5U18ui46qvPCYlyrcmOR1jGSDM/W', 0, 0, 0, '2024-02-07 22:22:14', '2024-02-25'),
(258, 100391, 63, 'Shayne Calantoc', '09236298302', 'ShayneCalantoc@gmail.com', '$2y$10$gHrsrAPNoM6dVY019myP9e7vX5U18ui46qvPCYlyrcmOR1jGSDM/W', 1, 1, 0, '2024-02-07 22:22:14', '2024-02-25'),
(259, 100392, 63, 'Sheena Alag', '09128738283', 'SheenaAlag@gmail.com', '$2y$10$gHrsrAPNoM6dVY019myP9e7vX5U18ui46qvPCYlyrcmOR1jGSDM/W', 0, 0, 0, '2024-02-07 22:22:14', '2024-02-25'),
(260, 100393, 63, 'Zarian Conejar', '09326357289', 'ZarianConejar@gmail.com', '$2y$10$gHrsrAPNoM6dVY019myP9e7vX5U18ui46qvPCYlyrcmOR1jGSDM/W', 0, 0, 0, '2024-02-07 22:22:14', '2024-02-25'),
(261, 100394, 64, 'Carl Acanto', '09327328329', 'CarlAcanto@gmail.com', '$2y$10$gHrsrAPNoM6dVY019myP9e7vX5U18ui46qvPCYlyrcmOR1jGSDM/W', 1, 1, 0, '2024-02-07 22:22:14', '2024-02-25'),
(262, 100395, 64, 'Vinnes Infante', '09378273909', 'VinnesInfante@gmail.com', '$2y$10$gHrsrAPNoM6dVY019myP9e7vX5U18ui46qvPCYlyrcmOR1jGSDM/W', 0, 0, 0, '2024-02-07 22:22:14', '2024-02-25'),
(263, 100396, 65, 'Marvilou Cudo', '09623728328', 'MarvilouCudo@gmail.com', '$2y$10$gHrsrAPNoM6dVY019myP9e7vX5U18ui46qvPCYlyrcmOR1jGSDM/W', 1, 1, 0, '2024-02-07 22:22:14', '2024-02-25'),
(264, 100397, 65, 'Donnali Tobias', '09382867329', 'DonnaliTobias@gmail.com', '$2y$10$gHrsrAPNoM6dVY019myP9e7vX5U18ui46qvPCYlyrcmOR1jGSDM/W', 0, 0, 0, '2024-02-07 22:22:14', '2024-02-25'),
(265, 100398, 65, 'Hannah Rosalan', '09283923230', 'HannahRosalan@gmail.com', '$2y$10$gHrsrAPNoM6dVY019myP9e7vX5U18ui46qvPCYlyrcmOR1jGSDM/W', 0, 0, 0, '2024-02-07 22:22:14', '2024-02-25'),
(266, 100399, 64, 'Francine Caballero', '09392873892', 'FrancineCaballero@gmail.com', '$2y$10$gHrsrAPNoM6dVY019myP9e7vX5U18ui46qvPCYlyrcmOR1jGSDM/W', 0, 0, 0, '2024-02-07 22:22:14', '2024-02-25'),
(267, 100400, 66, 'Josefa Guiralen', '09328329839', 'JosefaGuiralen@gmail.com', '$2y$10$gHrsrAPNoM6dVY019myP9e7vX5U18ui46qvPCYlyrcmOR1jGSDM/W', 1, 1, 0, '2024-02-07 22:22:14', '2024-02-25'),
(268, 100401, 66, 'Juanito Parra', '09392883728', 'JuanitoParra@gmail.com', '$2y$10$gHrsrAPNoM6dVY019myP9e7vX5U18ui46qvPCYlyrcmOR1jGSDM/W', 0, 0, 0, '2024-02-07 22:22:14', '2024-02-25'),
(269, 100402, 66, 'Rodulfo Mainar', '09389289384', 'RodulfoMainar@gmail.com', '$2y$10$gHrsrAPNoM6dVY019myP9e7vX5U18ui46qvPCYlyrcmOR1jGSDM/W', 0, 0, 0, '2024-02-07 22:22:14', '2024-02-25'),
(270, 100403, 67, 'Oscar Laranja', '09009092384', 'OscarLaranja@gmail.com', '$2y$10$gHrsrAPNoM6dVY019myP9e7vX5U18ui46qvPCYlyrcmOR1jGSDM/W', 1, 1, 0, '2024-02-07 22:22:14', '2024-02-25'),
(271, 100404, 67, 'Leonardo Sepaya', '09392832983', 'LeonardoSepaya@gmail.com', '$2y$10$gHrsrAPNoM6dVY019myP9e7vX5U18ui46qvPCYlyrcmOR1jGSDM/W', 0, 0, 0, '2024-02-07 22:22:14', '2024-02-25'),
(272, 100405, 67, 'Jesusa Lanto', '09328382322', 'JesusaLanto@gmail.com', '$2y$10$gHrsrAPNoM6dVY019myP9e7vX5U18ui46qvPCYlyrcmOR1jGSDM/W', 0, 0, 0, '2024-02-07 22:22:14', '2024-02-25'),
(273, 100406, 68, 'Alejandro Cudo', '09239283928', 'AlejandroCudo@gmail.com', '$2y$10$gHrsrAPNoM6dVY019myP9e7vX5U18ui46qvPCYlyrcmOR1jGSDM/W', 1, 1, 0, '2024-02-07 22:22:14', '2024-02-25'),
(274, 100410, 68, 'Juliana Salarda', '09867545678', 'JulianaSalarda@gmail.com', '$2y$10$gHrsrAPNoM6dVY019myP9e7vX5U18ui46qvPCYlyrcmOR1jGSDM/W', 0, 0, 0, '2024-02-07 22:22:14', '2024-02-25'),
(275, 100411, 68, 'Vincent Racion', '09213829389', 'VincentRacion@gmail.com', '$2y$10$gHrsrAPNoM6dVY019myP9e7vX5U18ui46qvPCYlyrcmOR1jGSDM/W', 0, 0, 0, '2024-02-07 22:22:14', '2024-02-25'),
(276, 100412, 39, 'Joe Feredel Cabar', '09327847348', 'JoeFeredelCabar@gmail.com', '$2y$10$gHrsrAPNoM6dVY019myP9e7vX5U18ui46qvPCYlyrcmOR1jGSDM/W', 0, 0, 0, '2024-02-07 22:22:14', '2024-02-25'),
(277, 100413, 39, 'Michael Amor', '09323762829', 'MichaelAmor@gmail.com', '$2y$10$gHrsrAPNoM6dVY019myP9e7vX5U18ui46qvPCYlyrcmOR1jGSDM/W', 0, 0, 0, '2024-02-07 22:22:14', '2024-02-25'),
(278, 100450, 1, 'Sarce Lennon Patriarca', '09427242456', 'sarcelennon@gmail.com', '$2y$10$gHrsrAPNoM6dVY019myP9e7vX5U18ui46qvPCYlyrcmOR1jGSDM/W', 1, 1, 0, '2024-02-07 22:22:14', '2024-02-25'),
(279, 100537, 1, 'Sarce Lennon Patriarca', '09303970309', 'sarce@renz.s', '$2y$10$gHrsrAPNoM6dVY019myP9e7vX5U18ui46qvPCYlyrcmOR1jGSDM/W', 1, 1, 0, '2024-02-07 22:22:14', '2024-02-25'),
(280, 100563, 1, 'john jose', '09208382748', 'johnjose@gmail.com', '$2y$10$gHrsrAPNoM6dVY019myP9e7vX5U18ui46qvPCYlyrcmOR1jGSDM/W', 1, 1, 0, '2024-02-07 22:22:14', '2024-02-25'),
(281, 100565, 1, 'Mae Ann', '09049374732', 'MaeAnn@gmail.com', '$2y$10$gHrsrAPNoM6dVY019myP9e7vX5U18ui46qvPCYlyrcmOR1jGSDM/W', 1, 1, 0, '2024-02-07 22:22:14', '2024-02-25'),
(282, 100602, 1, 'Abegail Shema', '09983827332', 'AbegailShema@gmail.com', '$2y$10$gHrsrAPNoM6dVY019myP9e7vX5U18ui46qvPCYlyrcmOR1jGSDM/W', 0, 0, 0, '2024-02-07 22:22:14', '2024-02-25'),
(283, 100613, 1, 'John Laurence', '09732763726', 'JohnLaurence@gmail.com', '$2y$10$gHrsrAPNoM6dVY019myP9e7vX5U18ui46qvPCYlyrcmOR1jGSDM/W', 0, 0, 0, '2024-02-07 22:22:14', '2024-02-25'),
(284, 100614, 1, 'Timothy Jones', '09736263272', 'TImothyJones@gmail.com', '$2y$10$gHrsrAPNoM6dVY019myP9e7vX5U18ui46qvPCYlyrcmOR1jGSDM/W', 0, 1, 0, '2024-02-07 22:22:14', '2024-02-25'),
(285, 100615, 1, 'John Jones', '09382327288', 'JohnJones@gmail.com', '$2y$10$gHrsrAPNoM6dVY019myP9e7vX5U18ui46qvPCYlyrcmOR1jGSDM/W', 0, 1, 0, '2024-02-07 22:22:14', '2024-02-25'),
(286, 100616, 1, 'Maldecir Humas', '09886454323', 'MaldecirHumas@gmail.com', '$2y$10$gHrsrAPNoM6dVY019myP9e7vX5U18ui46qvPCYlyrcmOR1jGSDM/W', 0, 0, 0, '2024-02-07 22:22:14', '2024-02-25'),
(287, 100617, 1, 'Indiana Jones', '09738327629', 'IndianaJones@gmail.com', '$2y$10$gHrsrAPNoM6dVY019myP9e7vX5U18ui46qvPCYlyrcmOR1jGSDM/W', 0, 1, 0, '2024-02-07 22:22:14', '2024-02-25'),
(288, 100624, 1, 'Sheesh', '09038483647', 'sheesh@sheesh.sheesh', '$2y$10$gHrsrAPNoM6dVY019myP9e7vX5U18ui46qvPCYlyrcmOR1jGSDM/W', 0, 1, 0, '2024-02-07 22:22:14', '2024-02-25'),
(293, 100653, 1, 'sarcskie', '09738327629', 'sarskie@gmail.com', '$2y$10$gHrsrAPNoM6dVY019myP9e7vX5U18ui46qvPCYlyrcmOR1jGSDM/W', 0, 1, 0, '2024-02-07 22:22:14', '2024-02-25'),
(294, 100687, 5, 'mwa', '11111111111', '111@111.com', '$2y$10$gHrsrAPNoM6dVY019myP9e7vX5U18ui46qvPCYlyrcmOR1jGSDM/W', 0, 1, 0, '2024-02-07 22:22:14', '2024-02-25'),
(295, 100688, 1, 'meow', '12312132121', '123@123.123', '$2y$10$gHrsrAPNoM6dVY019myP9e7vX5U18ui46qvPCYlyrcmOR1jGSDM/W', 0, 1, 0, '2024-02-07 22:22:14', '2024-02-25'),
(296, 100689, 1, 'swak', '11111111111', '111@1121.com', '$2y$10$gHrsrAPNoM6dVY019myP9e7vX5U18ui46qvPCYlyrcmOR1jGSDM/W', 0, 1, 0, '2024-02-07 22:22:14', '2024-02-25'),
(297, 100731, 1, 'heyo', '9039989483', 'heyo@gmail.com', '$2y$10$gHrsrAPNoM6dVY019myP9e7vX5U18ui46qvPCYlyrcmOR1jGSDM/W', 0, 1, 0, '2024-02-12 19:31:30', '2024-02-25'),
(298, 100732, 1, 'hennnn', '9930894834', 'hennn@gmail.com', '$2y$10$gHrsrAPNoM6dVY019myP9e7vX5U18ui46qvPCYlyrcmOR1jGSDM/W', 0, 1, 0, '2024-02-12 19:33:05', '2024-02-25'),
(299, 100734, 1, 'gustavo', '9343849854', 'gustavo@gmail.com', '$2y$10$gHrsrAPNoM6dVY019myP9e7vX5U18ui46qvPCYlyrcmOR1jGSDM/W', 0, 1, 0, '2024-02-24 22:18:41', '2024-02-25'),
(300, 100733, 1, 'gustavo', '9343849854', 'gustavo@gmail.com', '$2y$10$gHrsrAPNoM6dVY019myP9e7vX5U18ui46qvPCYlyrcmOR1jGSDM/W', 0, 1, 0, '2024-02-24 22:18:41', '2024-02-25'),
(301, 100736, 41, 'romeo a. talamor', '09944381782', 'romeotalamor@gmail.com', '$2y$10$gHrsrAPNoM6dVY019myP9e7vX5U18ui46qvPCYlyrcmOR1jGSDM/W', 0, 1, 0, '2024-02-25 09:07:33', '2024-02-25'),
(302, 100774, 1, 'Gwapo e ', '9392738232', 'gwapome@gmail.com', '$2y$10$aR0RLi6OmfXxZnXLOa9s4Oc3sANljdCdmt7PyuAeDoMBwX30.OfW2', 0, 1, 0, '2024-02-28 01:31:40', '2024-02-28'),
(303, 100775, 1, 'Walastik', '09493848434', 'walastik@gmail.com', '$2y$10$KXkRFayn9S7Q1ZPGm0oWcevMowGs5QSsv.kXV5iV7WajtwUvAFHYS', 0, 1, 0, '2024-03-16 02:41:52', '2024-03-16'),
(304, 100784, 1, 'Hans Francis Alag', '09303970309', 'hansfrancis.alag@students.isatu.edu.ph', '$2y$10$hwB8BFoNn4r.GlOAcm0K7uoCz9C6lpbV5Llgz4YsHEuuacWfEANMe', 0, 1, 0, '2024-04-06 17:06:39', '2024-04-07'),
(305, 100838, 4, 'Lea Tausa', '09303970309', 'learose.tausa@students.isatu.edu.ph', '$2y$10$LBWQhkbEomz2cHRpIfuYUuJITO/fNR67nys6CktbCBcMjAKPSVbg6', 0, 1, 0, '2024-04-16 05:44:51', '2024-04-16'),
(306, 100839, 5, 'hihihi', '09303970309', 'ihihih@gmail.com', '$2y$10$l1xY0DZll0Po/TU8E7AHeujWB/JKFVF19s5oE9SGfXUEx34tlpTDS', 0, 0, 0, '2024-04-16 06:39:00', '2024-04-16'),
(307, 100866, 4, 'kikiki', '09320938243', 'kikiki@gmail.com', '$2y$10$sGvKXDTqlVTvHVT6OyTWU.VQ4Xe16XZgbsX/ppo5xYTdwGxmGh2kG', 0, 1, 0, '2024-04-19 19:46:05', '2024-04-20'),
(310, 100869, 15, 'Sample Account', '09320938243', 'SampleAccount@gmail.com', '$2y$10$dXuEJsxsyTSbcuXTJ8OcJeYSkeEK09qvileX2p6NAnawNK0Zvwm4u', 0, 1, 0, '2024-04-19 20:27:30', '2024-04-20'),
(311, 100893, 1, 'deanne', '09623816627', 'deanne@gmail.com', '$2y$10$G9uUVOWRzhtDP2hMtulHQeCkRf6862de5w5HLhpVxQxzBn54WsFqG', 0, 2, 0, '2024-04-26 07:27:47', '2024-04-26'),
(312, 100909, 1, 'Bonnie', '09323323982', 'Bonnie@gmail.com', '$2y$10$hpEZpSoxU98xSoDEe7Jsu.VAhXa8bzvsgqPI6zweW17KHm5BHJB8m', 0, 2, 0, '2024-05-01 05:07:04', '2024-05-01');

-- --------------------------------------------------------

--
-- Table structure for table `vaccination`
--

CREATE TABLE `vaccination` (
  `vacID` int(11) NOT NULL,
  `petID` int(11) NOT NULL,
  `lastVaccination` date NOT NULL,
  `vacStatus` tinyint(1) NOT NULL
) ENGINE=InnoDB DEFAULT CHARSET=utf8mb4 COLLATE=utf8mb4_general_ci;

--
-- Dumping data for table `vaccination`
--

INSERT INTO `vaccination` (`vacID`, `petID`, `lastVaccination`, `vacStatus`) VALUES
(152, 82, '2024-04-08', 0);

--
-- Indexes for dumped tables
--

--
-- Indexes for table `admin`
--
ALTER TABLE `admin`
  ADD PRIMARY KEY (`maoID`);

--
-- Indexes for table `barangay`
--
ALTER TABLE `barangay`
  ADD PRIMARY KEY (`brgyID`);

--
-- Indexes for table `case`
--
ALTER TABLE `case`
  ADD PRIMARY KEY (`caseID`),
  ADD KEY `barangayID` (`brgyID`),
  ADD KEY `petID` (`petID`),
  ADD KEY `residentID` (`residentID`),
  ADD KEY `caseGeoID` (`caseGeoID`);

--
-- Indexes for table `geolocation`
--
ALTER TABLE `geolocation`
  ADD PRIMARY KEY (`geoID`);

--
-- Indexes for table `notification`
--
ALTER TABLE `notification`
  ADD PRIMARY KEY (`notifID`),
  ADD KEY `notification_ibfk_1` (`brgyID`),
  ADD KEY `notification_ibfk_2` (`caseID`),
  ADD KEY `notification_ibfk_3` (`petID`),
  ADD KEY `notification_ibfk_4` (`MAOID`),
  ADD KEY `notification_ibfk_5` (`residentID`);

--
-- Indexes for table `pet`
--
ALTER TABLE `pet`
  ADD PRIMARY KEY (`petID`),
  ADD KEY `residentID` (`residentID`);

--
-- Indexes for table `resident`
--
ALTER TABLE `resident`
  ADD PRIMARY KEY (`residentID`),
  ADD KEY `geoID` (`geoID`),
  ADD KEY `brgyID` (`brgyID`);

--
-- Indexes for table `vaccination`
--
ALTER TABLE `vaccination`
  ADD PRIMARY KEY (`vacID`),
  ADD KEY `petID` (`petID`);

--
-- AUTO_INCREMENT for dumped tables
--

--
-- AUTO_INCREMENT for table `admin`
--
ALTER TABLE `admin`
  MODIFY `maoID` int(11) NOT NULL AUTO_INCREMENT, AUTO_INCREMENT=3;

--
-- AUTO_INCREMENT for table `barangay`
--
ALTER TABLE `barangay`
  MODIFY `brgyID` int(11) NOT NULL AUTO_INCREMENT, AUTO_INCREMENT=69;

--
-- AUTO_INCREMENT for table `case`
--
ALTER TABLE `case`
  MODIFY `caseID` int(11) NOT NULL AUTO_INCREMENT, AUTO_INCREMENT=371;

--
-- AUTO_INCREMENT for table `geolocation`
--
ALTER TABLE `geolocation`
  MODIFY `geoID` int(11) NOT NULL AUTO_INCREMENT, AUTO_INCREMENT=100911;

--
-- AUTO_INCREMENT for table `notification`
--
ALTER TABLE `notification`
  MODIFY `notifID` int(11) NOT NULL AUTO_INCREMENT, AUTO_INCREMENT=538;

--
-- AUTO_INCREMENT for table `pet`
--
ALTER TABLE `pet`
  MODIFY `petID` int(11) NOT NULL AUTO_INCREMENT, AUTO_INCREMENT=191;

--
-- AUTO_INCREMENT for table `resident`
--
ALTER TABLE `resident`
  MODIFY `residentID` int(11) NOT NULL AUTO_INCREMENT, AUTO_INCREMENT=313;

--
-- AUTO_INCREMENT for table `vaccination`
--
ALTER TABLE `vaccination`
  MODIFY `vacID` int(11) NOT NULL AUTO_INCREMENT, AUTO_INCREMENT=154;

--
-- Constraints for dumped tables
--

--
-- Constraints for table `case`
--
ALTER TABLE `case`
  ADD CONSTRAINT `case_ibfk_1` FOREIGN KEY (`brgyID`) REFERENCES `barangay` (`brgyID`),
  ADD CONSTRAINT `case_ibfk_2` FOREIGN KEY (`petID`) REFERENCES `pet` (`petID`),
  ADD CONSTRAINT `case_ibfk_3` FOREIGN KEY (`residentID`) REFERENCES `resident` (`residentID`),
  ADD CONSTRAINT `case_ibfk_5` FOREIGN KEY (`caseGeoID`) REFERENCES `geolocation` (`geoID`);

--
-- Constraints for table `notification`
--
ALTER TABLE `notification`
  ADD CONSTRAINT `notification_ibfk_1` FOREIGN KEY (`brgyID`) REFERENCES `barangay` (`brgyID`),
  ADD CONSTRAINT `notification_ibfk_2` FOREIGN KEY (`caseID`) REFERENCES `case` (`caseID`),
  ADD CONSTRAINT `notification_ibfk_3` FOREIGN KEY (`petID`) REFERENCES `pet` (`petID`),
  ADD CONSTRAINT `notification_ibfk_4` FOREIGN KEY (`MAOID`) REFERENCES `resident` (`residentID`),
  ADD CONSTRAINT `notification_ibfk_5` FOREIGN KEY (`residentID`) REFERENCES `resident` (`residentID`);

--
-- Constraints for table `pet`
--
ALTER TABLE `pet`
  ADD CONSTRAINT `pet_ibfk_1` FOREIGN KEY (`residentID`) REFERENCES `resident` (`residentID`);

--
-- Constraints for table `resident`
--
ALTER TABLE `resident`
  ADD CONSTRAINT `resident_ibfk_1` FOREIGN KEY (`geoID`) REFERENCES `geolocation` (`geoID`),
  ADD CONSTRAINT `resident_ibfk_2` FOREIGN KEY (`brgyID`) REFERENCES `barangay` (`brgyID`);

--
-- Constraints for table `vaccination`
--
ALTER TABLE `vaccination`
  ADD CONSTRAINT `vaccination_ibfk_1` FOREIGN KEY (`petID`) REFERENCES `pet` (`petID`);
COMMIT;

/*!40101 SET CHARACTER_SET_CLIENT=@OLD_CHARACTER_SET_CLIENT */;
/*!40101 SET CHARACTER_SET_RESULTS=@OLD_CHARACTER_SET_RESULTS */;
/*!40101 SET COLLATION_CONNECTION=@OLD_COLLATION_CONNECTION */;
